0.373831114734,-0.0915494973777,0.766658197163,0.513910688651,-0.56310714331,0.414792682789,0.592285677492,-0.400068808702,0.710549431216,0.130200177179,0.124971061741,-0.680110030355,0.195653133401,0.895887065258,-0.214044665171,0.336587431443
0.0524402868357,0.980225396465,-0.0622352446978,-0.180374506957,-0.18555741406,-0.134262677782,-0.838615750021,-0.494232337326,-0.359070149112,-0.0858314640079,0.539264598845,-0.756898460981,-0.913174184053,0.117322910239,-0.0452116198184,0.387690796572
-0.00722559572554,-0.0320916133066,0.0167156181074,-0.999319021751,-0.973268143763,-0.0691173329261,0.218643867721,0.0129140904695,-0.221169568029,0.538507284079,-0.812549244938,-0.0292856914288,-0.0614892940258,-0.839167937685,-0.540073302219,0.0183593930129
-0.0533595183844,-0.429635088852,-0.00956570642907,0.901373923233,-0.00205567462479,-0.845363448863,-0.346299385796,-0.406734740249,0.300146554661,0.294428835831,-0.895064012583,0.148607266765,0.952397281456,-0.118684415087,0.280794668818,0.00278959744859
0.0535254347883,0.0683600733564,-0.99513382592,0.0465896631444,-0.660697057205,0.00786613581099,-0.069985325221,-0.747341673374,-0.738364569359,0.163494035747,0.0021483374989,0.654280404442,0.124226362524,0.984141618139,0.0693260947276,-0.105957439052
-0.00649168071403,-0.0201491487153,0.0781570388181,0.996716282184,0.95069392968,-0.302767824756,-0.0669654282958,0.00532238430799,-0.239224099778,-0.853712735314,0.459282034679,-0.0548307237763,0.197258054932,0.423202341277,0.882307838182,-0.0593457393982
-0.0464241446378,0.151025860018,-0.0843512827824,-0.983829685206,0.586599517577,-0.115109476913,-0.801314836569,0.0233526657379,-0.762274629005,-0.412830908864,-0.498270421429,0.0153172383637,-0.26959820984,0.890792702382,-0.320165552356,0.176915758819
-0.940070083891,-0.305916714559,0.0556835655232,-0.139937634885,0.0700049701654,0.194758892401,-0.169620154468,-0.963533746779,-0.274577037219,0.874454181537,0.390089668399,0.0881327727508,0.18967074671,-0.322201523858,0.903304153836,-0.210363474797
0.0422343436804,0.0728196972826,0.127481486772,0.98826212233,-0.197584221346,0.912461167476,-0.358073065381,-0.0126005227341,0.869755164367,-0.00465665248043,-0.49273679919,0.0267341797742,-0.450225154501,-0.40260430341,-0.782778766385,0.149881580012
0.0308129417182,0.315019659965,0.694489826845,0.646140121697,-0.136369194537,0.0981113435557,-0.691818892323,0.702256525261,0.851059793548,0.485694791683,-0.181940035832,-0.0818267712899,-0.506113854,0.809467323264,-0.0772549286173,-0.287477121457
-0.617491555336,-0.0987331981821,-0.271298102553,-0.731678395346,0.0560739389964,-0.946525686813,0.315600795686,-0.0366193300065,-0.590416007777,-0.194598703282,-0.400626107762,0.6730817218,0.516690265261,-0.23763885301,-0.816267235097,-0.10132495365
0.419833999587,0.346287748876,0.804912109185,-0.236517873018,-0.492426829304,0.123470370928,0.42409174139,0.749944718076,0.224373260106,0.849785126499,-0.411985087193,0.240395854502,-0.728636995164,0.377763287341,0.0503088392207,-0.569080002031
-0.292749227263,0.0640049687947,-0.824706181835,-0.479646711185,0.925117511603,0.00457210445192,-0.372038865947,0.0756555867819,-0.239584035434,-0.193281939343,-0.425027520513,0.851230396952,-0.0324802959892,0.979042671059,-0.0282560201596,0.199052947587
0.106472004266,0.442230152527,-0.874605429017,0.167814028133,0.107936346788,0.883290356386,0.431118116181,-0.149281818245,-0.668349089976,0.140820182336,0.127821894396,0.719124977656,-0.728232758998,0.0663348683456,-0.181284518777,-0.657580913055
-0.387122069931,0.27864554019,-0.194267339726,-0.857177558398,-0.790267260551,-0.161398379807,-0.432881635848,0.402544046339,0.292627299417,-0.770541925361,-0.497830158328,-0.26981389578,0.374143586755,0.550065784419,-0.725974395912,0.174371401843
0.0669318841513,0.110889289372,-0.36553176944,-0.921743030305,-0.693828597897,0.451241711332,-0.520358777053,0.210260642627,0.113634161524,0.833868124106,0.530461364592,-0.101793760177,-0.70796135273,-0.297906755642,0.560556874322,-0.309545277196
0.00442925352465,0.661952962435,0.746393179803,-0.0685264794126,0.204447743207,-0.0333709857005,0.117550375754,0.971220575755,-0.971389656425,-0.0963226036489,0.108454589945,0.188047050856,-0.120762731835,0.742581045316,-0.646000566737,0.129124054741
0.103400367644,0.566039477436,-0.127398555551,-0.80788444842,-0.252661582535,0.0866570187346,0.955866897449,-0.122356692408,0.506009618744,0.676459107626,0.138587618853,0.516866339926,0.818183814568,-0.46313383249,0.225569400199,-0.255344364488
-0.105399042378,0.372786911299,-0.429024725382,-0.816001682376,0.212862899525,0.200429992591,-0.818562281241,0.494442105615,-0.353759102057,0.84505253007,0.285156873137,0.281826678717,-0.904673933295,-0.326716939041,-0.25412425001,0.101202676436
-0.130226670149,-0.0835788176638,0.339233187037,0.927888161597,0.32510586675,0.224901734394,-0.83949080615,0.372800981303,0.922687728485,-0.254729296099,0.289412833531,0.000743774105313,0.161228240361,0.936774667043,0.310509650396,-0.00651419276038
0.0579743447618,0.335739640831,0.908171866535,-0.243190727122,-0.086345397452,0.0993602005033,0.227166115064,0.964918431299,-0.69355630203,-0.663694777377,0.274039175829,-0.0582359726239,0.712855598002,-0.660995980784,0.220276978169,0.0799953915744
-0.0228222741469,-0.0798458030614,0.147462223388,0.985575306209,0.743464981436,0.652772077256,-0.11616999495,0.0874812483152,-0.626415735239,0.749535650071,0.213532277901,0.0142689246682,0.23311433209,-0.0755617109443,0.958730093009,-0.144169153331
0.104178531161,0.042740675006,0.955330167328,0.273247762548,-0.563036236408,0.810611133592,0.0669869257945,-0.146330237338,0.261875210937,-0.006650226597,0.239165586819,-0.934974315404,-0.776890213629,-0.583985101935,0.160177542891,-0.172470726323
-0.142850819739,-0.049059475148,0.0793927107816,0.985334262407,0.934708684153,-0.171797559148,-0.273155884726,0.148966899274,-0.257392562731,-0.901549571083,-0.343488268095,-0.0545275087675,0.199154180774,-0.394064889897,0.895041043637,-0.0628649746315
0.254802154245,0.00719207232299,-0.188918610146,-0.948332164923,-0.700093213676,-0.320422417682,0.561882765739,-0.30246772386,0.262547218286,-0.946545671834,-0.1612527158,0.0954872292455,-0.613200059138,-0.0364559936638,-0.789046942807,-0.00784665826431
-0.0945997689874,0.150746238862,-0.899463193056,0.399114544354,0.0772763483128,-0.117449875681,0.378192137102,0.914988852461,0.00580386515876,-0.981134803409,-0.186871765642,-0.0491910143595,0.992494617037,0.0292505676885,-0.114085998169,-0.032912375538
-0.272059616422,0.202918148327,-0.227747405,0.91265486889,0.616356079237,-0.32143939381,0.594855361235,0.403644644341,-0.102120590419,-0.898190915616,-0.422800175442,0.063753241204,0.731888060917,0.220803125639,-0.644607035621,0.00822287193741
0.932937616327,0.356064650348,0.0429694302901,-0.0316069118317,-0.129326073478,0.408795466803,-0.834373766584,-0.346383386837,-0.33599780351,0.83024280814,0.443135966395,0.0378532806349,0.00276528433035,-0.129619098227,0.32496855384,-0.936795965829
0.538897267581,0.0704175640145,0.322804686056,-0.7748730453,-0.395747975153,0.738677590301,-0.397576334154,-0.373727194985,0.587198556292,0.623856804527,0.0987535153879,0.506209725442,0.456257745847,-0.245355806352,-0.853216230729,-0.0604273221702
-0.300073662225,-0.184310448647,-0.470323021399,0.809185832365,0.0153180037915,0.922183272532,-0.386348833843,-0.0088288849984,-0.30400561114,0.338007383958,0.785131425268,0.420595104396,-0.904047423753,-0.0368602600675,-0.114452956214,-0.410170815207
-0.00100879797782,0.275404593374,0.0801400981888,-0.957981657934,0.171904516824,0.899208873314,-0.32958130812,0.230756149619,-0.139445580709,-0.276521941606,-0.937653123266,-0.157788359079,-0.975193698422,0.197765841117,0.0758969461164,0.0642306485635
0.33831261141,0.67589996708,-0.640761463074,0.134642336953,-0.174320381576,-0.569174721096,-0.57434588707,0.561942473425,-0.138860579301,-0.249039683738,-0.506942824354,-0.813453101461,-0.914261844902,0.396457573127,-0.0506016035439,0.0662280105755
-0.0381098812014,-0.0128664089915,-0.964876623806,-0.259605842206,0.67859612728,0.172191862751,-0.212510600052,0.681686513956,-0.270136058917,0.96250675931,-0.00839844619098,0.0231670899471,-0.681968798897,-0.209201233755,-0.154213526644,0.683645806926
-0.108945931631,0.151396534498,-0.783439544585,0.592817301792,-0.95090399298,-0.241614609128,0.163596112608,0.103151775212,0.0656509927258,-0.764651340781,-0.479170428956,-0.425903714717,0.282138843956,-0.577935807023,0.360353287669,0.675672541811
0.557810249805,-0.0762373721169,0.0871248964656,0.821854513111,0.820538823222,-0.0147995957174,0.0758978636874,-0.566336053806,-0.11441767971,-0.0449884292276,0.99190815352,-0.0316678194043,-0.0497228254237,-0.995964294689,-0.0526021072193,-0.0530639487131
0.0156303015507,-0.609364480742,-0.675940031471,0.414168681986,-0.0534989955448,-0.670900471804,0.161309623547,-0.721809960973,0.307306216282,0.393144906195,-0.678016762353,-0.539715890201,0.949977073715,-0.154934080421,0.239536112464,0.12712765618
-0.0523712535775,-0.228250377595,0.823865989711,-0.51614324361,0.299708858204,-0.1400826442,0.486743351089,0.808475332511,0.218555826309,0.944501778233,0.23768367855,-0.0604666077507,0.927181321479,-0.190249858967,-0.166829883772,-0.27623826336
-0.27737373795,0.0683217680777,-0.540061798932,0.791662301008,0.188313659951,0.168464867147,0.774562322854,0.579836840868,-0.378765867956,0.905733398922,0.0350520221879,-0.186961983003,0.862634448792,0.382882141946,-0.327349686253,0.0458830692829
0.0597322017025,-0.28451890369,0.112336692582,0.950190257276,-0.206484940687,-0.68171916153,-0.693327199431,-0.109180348969,-0.515393812686,-0.495432585458,0.671389511983,-0.195325099032,-0.829557262155,0.457006051943,-0.236461382108,0.216947532976
-0.00266425899288,-0.327549976495,-0.437860435858,0.837246769676,0.978571509036,-0.194735333844,0.0449222912475,-0.0495776078908,-0.140476852051,-0.685074108196,-0.487053557052,-0.523181185518,0.150522282286,0.620856367391,-0.754346776371,-0.151133565376
-0.0384615082026,-0.000911007214735,0.0629349184277,0.997275828693,0.443357543195,0.771444047442,0.456275549383,-0.0109906139188,-0.892878070615,0.419898293438,0.156601255883,-0.043934278628,0.0687281041075,0.478078105439,-0.873686365771,0.058222908481
-0.135548932584,-0.036558608007,0.413161551429,-0.89977079719,0.0557087882546,-0.0666556828581,0.907479238717,0.411017009565,-0.705230203011,-0.698312584203,-0.0570947724137,0.108397797341,0.693666619168,-0.711744352185,-0.0501911414683,-0.0986278251957
-0.00731074397397,0.0318256384022,-0.365362673116,0.930292319035,-0.308352060126,-0.947033808876,0.0691503063453,0.0571332389574,-0.0700799942293,-0.066729750826,-0.927008627782,-0.362340915136,0.948659240427,-0.312507974203,-0.048819629697,-0.00102731128377
-0.045414415928,0.129117931693,-0.111395106476,-0.984305450963,0.672301792834,-0.00207386445264,0.73143313029,-0.114068288108,0.738573403289,-0.0188746488274,-0.672745326719,0.0395828367247,0.0213812565572,0.99144742999,0.00322979013139,0.128702773437
-0.827841995048,-0.231989744529,0.0751709074324,-0.505180882797,0.146966913398,-0.196909696719,0.969324078814,-0.00617478226602,-0.233788303015,0.945180234647,0.227342602228,-0.0171083201459,-0.488284125253,-0.118497484381,0.0554572458719,0.86282179684
-0.235243449758,0.264767930295,0.756609599658,0.549636585516,-0.540861094319,0.139319155108,-0.618472456486,0.552766922165,-0.76511654133,0.13883176336,0.155998103598,-0.609087031006,-0.258314680537,-0.944041237229,0.143869127846,0.146155199301
0.0142138182989,0.93459248928,-0.00861703310253,-0.355331666321,-0.325945577249,0.00963302343285,0.945279741484,-0.0106252468955,0.0425726992852,0.354583835541,0.0215624888292,0.933805615706,0.944322515519,-0.0267280267385,0.32543358179,-0.0404176089555
-0.00554831377806,0.0230430019892,0.0178440363208,-0.99955981644,0.147237899653,0.17442334858,-0.973497079902,-0.0141750413712,0.968286211816,0.175454860703,0.177859492634,0.00184519444489,0.201772220899,-0.968638790977,-0.142657024607,-0.0259968617002
-0.0359029719165,0.569999514083,0.577008102399,-0.583843455319,-0.0304347151066,0.692750118103,-0.719772235572,-0.0331501264747,0.668765332514,-0.298874961126,-0.287512797476,-0.617060028625,-0.741982233447,-0.325379141043,-0.257538288326,-0.52655940773
0.224030077802,-0.344819908543,-0.0135318376196,-0.911442068528,-0.074743341857,-0.505367109837,0.844587141876,0.160281243195,0.469821989005,-0.671853353246,-0.431800840494,0.376069680415,-0.850582891748,-0.417512139583,-0.316287026759,-0.0464206233207
-0.190173683425,0.163065877832,-0.378605713606,-0.891011337327,0.0616303587296,0.984267310979,0.00335154075879,0.165554603062,-0.488297732849,0.0678995760617,0.83660610312,-0.238841369717,-0.84947100781,-0.00412645068143,-0.39589987247,0.348776820148
0.503687271216,-0.535450043872,-0.504965407256,0.452329880516,-0.412040663925,-0.809805513105,0.416171902918,-0.0351918944937,0.70513566179,0.0050270891971,0.708949617098,0.0122011172949,-0.281612007128,0.239756146609,0.263061447411,0.891072579811
-0.935762335009,-0.159301173076,0.0111055495984,-0.314402060113,-0.234673457264,-0.0361942073919,0.630391564377,0.739070242514,0.179682434587,-0.981695636234,0.0521969671063,-0.0355440167363,-0.19233159786,-0.0979121719086,-0.774440842773,0.594695841671
-0.567987539733,-0.192933980292,-0.0219290222585,0.799803570847,0.439899455553,-0.892752836016,0.0057430378637,0.0972001044492,0.695613045089,0.407046630758,-0.020020062713,0.591637328926,0.0010560369159,-0.00904949845429,-0.999542561669,-0.0288384946887
-0.00729750394247,0.204058539514,-0.125640667979,-0.970835352383,0.982737215679,0.115073465655,-0.14057446277,0.034992611211,-0.164231051181,0.886139297107,-0.364320786903,0.234639451461,0.0848673858702,0.39984416474,0.911988819667,-0.0346202764483
0.332777618803,-0.435519493726,-0.0794207855832,0.832630870089,-0.183550203721,-0.104088216711,-0.97467472658,-0.0740550013311,0.106895443585,-0.862090773431,0.108654390728,-0.483287787847,0.91877186683,0.237250736758,-0.178593783652,-0.260143431725
-0.548011653487,0.566756503417,-0.169138966127,-0.591491592175,-0.77200728832,-0.61640445891,0.127597105064,0.0881434546366,-0.314512138392,0.460993847883,-0.227221667701,0.7980833921,0.0690658325545,-0.293798027707,-0.950516334759,-0.073697537581
0.754310005492,0.395059157403,-0.470196420005,0.232077582678,-0.604209002751,0.465920677936,-0.635693855056,-0.117229371365,0.034630100033,0.773266250504,0.580462117293,-0.252831549438,-0.254457565778,0.170016145867,0.194608272297,0.931919244203
-0.00121442225941,0.465458383876,-0.426059524336,-0.77577077786,-0.25607736442,0.614855153609,0.744846477188,-0.0397649208838,0.887521000471,0.393902437936,-0.00727304039265,0.23894444123,0.383052714823,-0.500142482047,0.513443385416,-0.582669722305
-0.0333962616292,-0.214796458974,0.0815515955448,0.972674924209,0.934079664867,-0.230717588565,-0.272486389501,0.00396756157248,0.34816884855,0.423144783237,0.83575057087,0.0353260330278,-0.0718214612067,-0.849458867726,0.469703617286,-0.229433697743
-0.190038521895,0.898347468814,-0.0322439962555,0.394737267276,0.228946514856,-0.345010359657,0.105980573574,0.904057223349,-0.952790602465,-0.265741076491,-0.0311670508803,0.143528265716,0.0604890187195,-0.0576312178447,-0.993356460527,0.0791369930833
0.880591363421,-0.281959284239,-0.110788325322,-0.364395059889,0.359294383687,-0.123170440747,0.195119756756,0.904248234115,-0.250436752111,-0.822555774294,0.496356749156,-0.119638659866,-0.180963614328,-0.478257255808,-0.838620417748,0.187717773515
-0.047592301065,-0.323111785276,-0.080426440701,-0.941735278479,0.0922699171455,0.93991015991,0.0145812266419,-0.328393881668,0.993763312222,-0.104223123569,0.0355772675086,-0.0175007951718,0.0406904724831,0.0361276352221,-0.996018691342,0.0706105227282
0.722604935136,-0.015245018389,0.0145089559468,-0.690940798715,-0.0288319705298,0.261927811138,0.964529276021,-0.0156784861118,0.534484780079,-0.590107321976,0.185587886865,0.575896262068,0.437420672873,0.763501643559,-0.187162769121,0.436690385835
-0.250316320967,-0.188122969784,-0.127969475204,-0.941050105528,-0.860629400064,-0.395733531951,0.137957481428,0.289274507612,0.441701922854,-0.852091243373,0.280398479857,0.0147179077294,0.0394738717465,-0.286260777783,-0.941258858778,0.174723614101
-0.920823125813,0.248330909936,0.0507393574744,0.296381591435,0.218733362655,0.458347001459,0.848218564803,0.150329666527,-0.240333122365,0.208105297156,0.116289476245,-0.940961706609,-0.215593314654,-0.82761221035,0.514225185731,-0.0644205737031
0.99013129926,0.117644543805,0.0514029413055,0.0561917179329,0.129491131446,-0.856524677931,0.0120100876544,-0.499452981538,-0.0459945263451,0.341556349091,0.738186416182,-0.579917734602,0.0275056475885,0.36859801655,-0.672528297088,-0.641158818985
-0.869236081388,-0.428493664753,0.193271653113,0.153192304583,0.340980055904,-0.515955423155,-0.210461339578,0.757118634915,0.332939448754,-0.693883450799,0.370936921125,-0.519694988159,-0.131577200733,-0.262123896834,-0.883605054984,-0.364993985928
-0.919299313143,0.38741894012,-0.0672195590017,0.0166393683107,-0.368223878125,-0.903558726541,-0.196011138344,-0.0978388313221,0.0466077878198,-0.0101019364505,-0.478609609154,0.876731718954,0.130872695957,0.182718754941,-0.85322564809,-0.470629565038
0.476897784055,0.792674812619,0.114934774956,0.361973952804,-0.412170909253,0.580668126496,-0.11127009494,-0.693223365452,0.699832287074,-0.139079174801,-0.540475158428,-0.445845664135,0.336033354145,-0.123077826788,0.826011844104,-0.435474301027
0.163256570782,-0.870524900976,0.0721006417074,0.458623141961,0.554564031535,0.465694237174,0.22879737045,0.650568501901,0.659957635137,-0.156937942672,0.424659861184,-0.599575186505,0.479856173086,-0.0261869508221,-0.872993277775,-0.0832768498354
-0.194608142368,-0.0372363709984,-0.267522606191,-0.942959584911,-0.493125059734,-0.118462498046,0.85120948027,-0.135043447521,-0.825258952085,0.302507540404,-0.393169639647,0.269915698806,0.194686949717,0.945023426816,0.222017364942,-0.140484889023
0.368946722313,0.457805978738,0.799340823915,0.123879978809,-0.281794304174,-0.63956405964,0.564440038777,-0.439268968147,0.46732760328,-0.611810416317,0.0359514140557,0.637181623657,0.75237968968,-0.0840209136687,-0.202901911466,-0.621044364717
0.42916848217,-0.868637012496,-0.148281716801,0.19823391964,-0.792634000582,-0.493191582466,0.182809711375,-0.308340742576,0.119079458519,-0.0325621602171,0.94408883693,0.305705832894,0.416372234415,-0.0342273169767,0.23084499101,-0.878733886513
0.828092814402,-0.131732665272,0.344334259899,0.422306420856,0.530549652867,-0.106599467613,-0.431455248842,-0.721803288711,-0.177968530981,-0.966642388648,0.16312295693,-0.0855604778635,-0.0332649749686,0.192056113869,0.817723172369,-0.541605671995
0.561888147746,-0.0732180340332,-0.696247185098,-0.440636682719,-0.279603636167,-0.0822194638723,0.347131686307,-0.891381713277,0.410656009557,0.856469793303,0.29913540065,-0.09131893042,0.661411489075,-0.504319910784,0.552501096544,0.0542107740677
0.0587410531501,-0.417390830844,-0.123401811625,-0.89839099277,0.00794511244971,0.672081053001,0.624669726053,-0.397531969454,0.180023717716,0.604770231956,-0.75801828186,-0.165083954294,-0.981874648274,0.0913505285434,-0.141308211388,-0.0872309887962
-0.0654267638937,-0.0272845960646,0.187563740141,0.979691141518,-0.135035176804,0.154285900583,0.960413254783,-0.188594119588,0.370223841422,0.922830261231,-0.0831658887165,0.0663479551459,0.916743773818,-0.351902998928,0.188440065736,0.015345166555
-0.0758972790467,0.0932833934352,0.10176305188,-0.987513084883,0.424977573399,-0.473274008407,-0.755844183266,-0.155258963337,-0.90194294953,-0.220022771312,-0.371461543304,0.0102575700881,0.0115143795016,0.84787965041,-0.529490485033,0.0246443450879
0.268642189138,0.333002089871,0.45337748713,0.781914213019,-0.261989661517,0.0675494279762,-0.804991899823,0.528002398912,-0.522196567428,-0.730800752824,0.311846812587,0.309826677544,0.765835188823,-0.592010931144,-0.221784717378,0.117605527525
-0.405903612806,-0.492696690454,0.212615819667,-0.739788308609,-0.762001517912,-0.281329163013,-0.199171659391,0.548213679904,-0.494514295838,0.816956339354,-0.0611603331801,-0.290340084118,0.100257443728,-0.103374140107,-0.954664641101,-0.260533405087
0.0580738750615,0.640313525492,0.63421239162,0.429418975387,-0.172436938512,-0.234060955257,-0.35066554074,0.890232918959,0.60722587687,0.523368929477,-0.597466737708,0.0198795233795,-0.773414288549,0.511174160099,-0.343280961001,-0.15063033602
-0.919100071427,0.187785162002,0.278413722345,-0.20610092393,0.211486123146,0.976861556089,0.0228331576103,-0.0222208655598,0.305171403063,-0.0921055899848,0.928474995557,-0.190581105232,-0.131905622216,0.0446631107445,0.244741963604,0.959535035638
0.97654782145,0.0308668382462,-0.209561973744,-0.0385404966003,0.12636899778,0.690125387775,0.70695053077,-0.0893239754636,0.151366001745,-0.715380152015,0.642257135048,-0.22983764726,-0.0864497677082,0.104906746912,-0.209309576189,-0.968354539118
-0.980684480856,-0.180231017627,0.0730521670778,0.0209310816572,0.0667693868271,-0.633072643735,-0.733657127913,0.237714314672,-0.178671358928,0.752818314254,-0.59972924591,0.204122421166,-0.0433167807021,-0.000627505485895,-0.311023200338,-0.949414467763
0.987146905834,-0.12579838255,-0.0970168518261,-0.0174207839316,-0.0740594779499,-0.00187090302101,-0.84595467819,0.528083682665,-0.139772077008,-0.7894555443,-0.306371916784,-0.513186085811,-0.0228023358016,-0.600775507361,0.425540434644,0.676360984771
0.837802386495,0.234961429898,-0.0504354948394,-0.490241316602,-0.383614615456,-0.357024315106,-0.304594110463,-0.795358971222,0.120205052513,0.00145550013656,-0.945259251206,0.303370359264,0.369428928675,-0.90406009004,0.105658112521,0.187173672064
-0.425399099004,-0.879216683042,-0.147984862237,-0.155287189993,0.873811811504,-0.395996939771,0.112453969694,-0.25883092255,-0.0961760682329,-0.167590020592,0.923012480559,0.332733691756,0.215031831462,-0.205129307879,-0.336901389105,0.89340961072
0.301153178255,0.673567343626,-0.633296782461,0.233557235281,0.659596194977,-0.476030189123,-0.360876632935,-0.456175596033,-0.686583098427,-0.202864087039,-0.642775694909,-0.272560483523,0.0533223382242,-0.52777689873,-0.235674875962,0.814288417118
0.0518750050432,-0.993935656491,-0.0968120377308,-0.00532202566898,-0.525416142524,-0.0445097358401,0.129265585812,0.839789955236,0.573681107819,0.0924012332582,-0.666898080522,0.466475024863,-0.626208310037,0.039658621545,-0.727437136714,-0.277714886721
0.444569443174,0.332441545182,0.619651970115,0.554862203764,-0.286281152191,0.296844927541,-0.581679691721,0.701124045468,0.164665038555,0.860818880777,-0.180057660666,-0.446604431697,0.832638299128,-0.245675726371,-0.495236722193,0.033128375902
-0.206185253021,-0.606271941455,-0.691907884602,0.33344482852,0.551195390365,-0.701038353039,0.27796126483,-0.357024375167,-0.481635279548,-0.345937927284,0.665261460899,0.453631564823,0.649383354092,0.145967499945,0.0377915747452,0.745363364585
0.436862308345,-0.255838517367,-0.651743074607,-0.564737940359,-0.592438985063,-0.237631989126,0.30760809732,-0.705637545193,0.446822801083,0.674845481912,0.403985169999,-0.42629677737,0.508445431643,-0.650124039179,0.56338637327,0.0376533018183
-0.333489215119,-0.225195833904,0.495644344935,-0.769680754031,0.0366869313903,-0.913386562457,0.176497695933,0.365003588912,-0.478224200112,-0.267286682756,-0.803718907101,-0.232153746505,0.811628379797,-0.20873344997,-0.277886964488,-0.469540791561
0.11127062479,0.980153915285,0.117861553007,0.114130647649,0.968749913371,-0.136980576645,0.0259135537679,0.205154611687,-0.164216462778,-0.0146793487909,-0.528994979696,0.83245527299,0.148914091862,0.142545223322,-0.840000865184,-0.50190038757
-0.645944634987,-0.641096992387,0.328406556423,-0.252783125587,0.434604183656,-0.754952483795,-0.403580136559,0.279801758634,-0.109770287271,0.00807833878258,0.472806817728,0.874264798322,-0.617920072592,0.137753889259,-0.71114409242,0.305733102065
0.571886241256,0.539952786195,0.496864104027,0.366774014718,-0.270069881315,0.592798754096,0.20572725467,-0.73029322401,0.465406300232,-0.567666925468,0.454002625423,-0.505007775725,0.619197353009,0.186533877761,-0.710411130912,-0.277697273214
-0.00241172498094,0.415148522407,-0.05747783237,0.907932919721,0.9789037599,-0.0706300567795,-0.190360053737,0.0228445589448,-0.127636887242,-0.870012011788,-0.288042391285,0.379235421846,-0.159531932386,0.256402415683,-0.936744858299,-0.176964499918
-0.87502241822,-0.227759116404,0.389077485498,-0.176295952267,0.130410202553,-0.892881549578,-0.345894830122,-0.25712348004,-0.271049431681,-0.17768572796,-0.308349202369,0.894360529687,0.379290327148,-0.345421634234,0.796176014567,0.320821595538
-0.363666624666,0.141359332433,-0.877688097913,0.278258383556,-0.716342782446,-0.579272739781,0.286815302849,0.262741494695,0.499744897566,-0.795822318672,-0.34138828943,-0.0193884063293,0.323812664203,0.10548681995,0.1756548339,0.923668375905
0.698290790501,-0.661051462704,-0.0951615506272,0.257575648773,-0.215562683032,-0.531470973614,-0.0928783629796,-0.813907208212,0.439040199718,0.440736861855,-0.71335704243,-0.322670810035,-0.522653235536,-0.293769614605,-0.688069487034,0.408770583495
-0.430037071405,-0.163998087858,0.152192593432,-0.874648591665,0.491925009798,-0.829469474706,0.261382896683,-0.040855312855,-0.415276891467,0.00105930521002,0.839635585718,0.350080082956,0.632947869391,0.533932482233,0.451141307156,-0.332813190886
-0.165660743436,0.981954474042,-0.0736353287217,0.0538494879942,0.0705746595453,-0.0719311548744,-0.481180516451,0.870810218691,-0.982393061574,-0.168350184551,0.0221124026378,0.0779302866765,0.0497956633135,0.0474292655303,0.873243488726,0.482407157995
0.134950097087,-0.858503693688,-0.388931818051,-0.305764484738,-0.579601677313,-0.151681120284,-0.407924810008,0.688949985692,0.786942909323,-0.0650653653945,-0.0631464205206,0.610327686795,0.163006823228,0.485521105514,-0.823615152764,-0.243631097809
0.0621731600553,0.888091874556,-0.129533627516,0.436632980727,-0.527672927196,-0.35664046317,-0.288488266362,0.714942922272,0.627000968167,-0.239122703135,0.501667585076,0.545911854466,-0.569706561302,0.164075394932,0.805186434063,-0.0137297191638
0.00216250937542,0.408380000347,-0.18133533164,-0.894616452101,-0.854599807256,-0.310657059369,0.355679319258,-0.215971254463,-0.179593425858,0.82311853744,0.458831245117,0.282304734666,-0.487237821172,0.243297842372,-0.79377805957,0.270780090963
-0.272568658604,-0.0207619517792,-0.952677132322,0.13297198673,0.161278014228,0.973408424043,-0.0865805175991,-0.137728922532,-0.94067679222,0.150743250271,0.239769609985,-0.186853362838,-0.121749336967,0.17123508361,0.165591755984,0.963553327761
-0.916991040468,-0.119118747575,0.0870743292161,0.37061599651,0.0252114767373,-0.811187007136,-0.580960191421,-0.0618488227736,-0.22382763245,0.561454982421,-0.773259990075,-0.191672849968,-0.329230928216,-0.112047606597,0.238688719726,-0.906686287995
-0.0871855494483,0.487251780298,-0.0751837035027,0.865639528494,-0.223124297876,-0.634946714251,0.628745195305,0.389535232219,0.0110474454481,0.589553495777,0.76313045988,-0.264455158333,0.970820365265,-0.108880890313,0.12906894015,0.170276183888
0.57678167207,-0.384798305999,0.653839932422,-0.302896862372,-0.420837788653,-0.895974417872,-0.124868736016,0.0673290199439,0.405672813232,-0.121145900452,-0.00949118807707,0.905904606875,0.570655786802,-0.18569808029,-0.746197734441,-0.28819635161
0.174243177099,0.622820166156,0.76271195218,0.00219860525363,-0.804866658728,0.407826609666,-0.150316907254,0.40406923356,0.0877930787978,0.597225231955,-0.505966429673,-0.616126910364,0.560465299745,0.29848705063,-0.373728882264,0.67609973447
0.17491674326,0.973473241211,-0.00577395779872,-0.147379248824,0.931580348774,-0.157583094216,0.323436447975,0.0521007324035,-0.291911971266,0.127108044753,0.828504740263,0.460663479508,0.127865506441,0.106587813665,-0.457094542622,0.873701338757
-0.0433553102627,0.965972139297,-0.248059125385,0.059032308835,0.134423600879,-0.0218892711322,0.125137208454,0.982747085672,-0.26276075929,-0.256627314766,-0.918390363942,0.147167741409,-0.954467074328,0.0236877020068,0.281720586383,0.0952103356028
0.0711591332766,-0.995399635759,0.054190506182,-0.0343414024531,-0.968744738227,-0.0562336454717,0.241571729128,0.00380906290499,-0.234331394169,-0.0738152340612,-0.959108593428,0.140537592623,0.0394817377453,-0.0238464561062,0.137175780438,0.989472255385
0.810996458974,0.563635569486,0.153102466725,-0.0340488329401,-0.0493479598801,0.21718842466,-0.334520337872,0.915691056306,0.58296220423,-0.764902441138,-0.244605296303,0.123481063326,0.00214262131244,-0.223759666931,0.897119851109,0.380923868215
0.686759633981,-0.672237770252,0.115924540161,0.251036026039,-0.716044961277,-0.597455028746,-0.00431920068065,0.360982612547,0.0689825653717,-0.136990783066,-0.982924535769,-0.101657700213,0.104317899897,0.415183566904,-0.142836278575,0.892377823042
0.00191169648945,-0.022644915538,-0.177374458687,0.983881016497,0.0161561162176,0.0126300672833,0.983882913399,0.177634101544,0.684460632699,0.728609593394,-0.0226430500524,0.0113575958682,-0.728868278642,0.68443827305,8.00750972064e-05,0.0171836073746
-0.842226135816,-0.475269272932,0.168441863191,0.190792015243,0.471933784897,-0.770059866288,0.390044520894,-0.179308607509,-0.223159321649,0.328489461144,0.598814915972,-0.695496432405,0.134660892553,0.270594889931,0.67890596319,0.669127448775
0.0276572339397,0.532746597337,-0.195588544679,-0.822898087024,0.154557653254,-0.812052331633,0.121640017971,-0.54944212483,-0.353711531858,-0.236399313171,-0.903614692221,0.0498397929951,-0.922081971119,-0.0294523080181,0.361149989923,-0.135897332088
0.742120462172,0.310367103395,0.342342361148,-0.485521563392,-0.61685033867,0.46308868623,0.594259570033,-0.227815916459,0.0720907322134,0.830000768061,-0.447202008678,0.325441261646,0.252102768006,-0.0178844858476,0.574166904847,0.778753301699
0.0502054248279,-0.0635748461334,-0.0532545537239,0.995289709966,-0.0543252937818,-0.966193872702,-0.241554231215,-0.0719007384542,0.887324193045,-0.155769079262,0.432893273554,-0.0315465385713,0.455174641441,0.195355146433,-0.866844230298,-0.0568638105414
-0.689117448152,-0.140039936964,-0.297710507518,-0.645658123484,0.531973421773,0.054261725651,0.379991643988,-0.754762409077,0.4606738472,0.0971631234211,-0.875465597086,-0.109082181278,0.172919136261,-0.983871845634,-0.023125581771,0.0395015335279
0.0643946008855,-0.121370786282,0.051581107579,-0.989172309032,-0.552223272391,-0.777350964686,0.291893836016,0.0746520169018,-0.802645037848,0.581098636984,0.059846307077,-0.120431461184,0.216017906722,0.208132131192,0.953181932983,0.0382293418007
-0.0778816225221,-0.902725917133,0.180702323093,0.382579458202,-0.016799206504,0.14691975685,0.981648558288,-0.120409633001,-0.666884154339,-0.250719709956,-0.0596496275675,-0.6991759962,0.740889846216,-0.317238286818,-0.0124378603959,-0.591850829838
0.74949455063,0.610370326161,0.00733602880103,-0.256226786655,-0.00721498075682,0.370205516712,-0.374567998281,0.850055665303,0.65162374638,-0.652421797778,0.151083698262,0.356238693938,0.116586258982,-0.254443978358,-0.914777958559,-0.291285414377
-0.0469597403273,0.946613512555,0.0297115537298,0.317545058553,0.498506740904,0.295254672741,-0.214220636945,-0.786400169255,-0.763715392745,0.12899797102,0.345529257237,-0.529818699888,0.407461177225,-0.0103469582864,0.913146359942,0.00566169876923
0.677006982958,-0.630099507969,-0.380107429042,0.0124297011602,-0.539919560168,-0.688442644126,0.164683038503,-0.455426274084,0.169665668515,0.358966962264,-0.320981973849,-0.859841179169,0.470491205552,-0.012808427279,0.851685629608,-0.230446431971
-0.225817162786,0.766492985302,-0.0794857580699,-0.595967387311,0.17459698924,0.629437748359,-0.0753049242297,0.753427621392,0.956819686514,0.0595573630191,-0.061982728865,-0.277681741084,0.0549416766986,0.112913882823,0.99205308526,-0.0079084293057
-0.369140111124,-0.773347657659,-0.133429148643,-0.497861066006,-0.680445356884,0.580397535969,-0.321768720714,-0.310801716381,-0.632766644123,-0.178265021455,0.399283032184,0.639062607591,-0.0183321776987,0.182465565956,0.84807700881,-0.497127383704
0.0730217623252,-0.112412378984,-0.312434807321,0.940433820347,-0.248875353613,-0.964238391466,0.0247927794929,-0.0876966411715,0.508481207876,-0.122753860006,-0.791135900117,-0.316989492944,0.821082055478,-0.20625050625,0.525236895891,0.0860882688769
0.35771763707,0.892646779543,-0.272819849634,0.0280917914309,-0.772241420372,0.447336465591,0.451146399301,0.000449013071767,0.340857854571,0.0137781965079,0.569050559988,0.748202876536,-0.399371010176,-0.0536840276527,-0.631044939938,0.662874878982
0.205647498732,-0.150220441618,-0.0720559959683,0.964339597149,-0.391576837948,-0.864082169091,0.315071833744,-0.0275558455198,0.840069203928,-0.203234848639,0.471326049586,-0.175587823871,0.314102561052,-0.43530612249,-0.820603087983,-0.196108982088
0.586291268879,0.807268031314,0.0154500116223,-0.065895150016,0.56074323461,-0.460306191203,0.40788064765,-0.55436324955,-0.564367671793,0.363448300172,0.606040062185,-0.426743373895,0.152704629628,-0.0658928604674,0.682722577215,0.711497933651
0.746224225792,0.282254829603,0.282466311274,0.532629701578,-0.368637306036,-0.0353454088795,-0.484848581243,0.792325117573,-0.527172107569,0.652493169831,0.533128565584,0.110073452218,0.171305313523,0.702378513738,-0.633173411334,-0.276424210548
-0.0365262404463,0.143090440591,0.0246794205049,0.988727407213,0.0195752666019,0.98315792308,0.110407775174,-0.144317117498,-0.707311568355,-0.0697523461936,0.70265051141,-0.0335740120725,0.705686182355,-0.089778807612,0.702483671127,0.0215283426357
-0.96546931709,0.181570363189,0.182816982531,-0.0384597434551,-0.156447363687,-0.900103032274,0.147473075132,0.378933299933,0.0934836314184,-0.247236298569,0.576608201723,-0.77308343989,-0.186155931437,-0.30938802041,-0.782529631845,-0.507220265075
-0.688035618702,-0.140193529996,0.696695835469,0.146859369414,0.376052396677,0.31628449354,0.573240592646,-0.655701103432,0.603128340516,-0.131669920432,0.430310220492,0.658583594587,-0.146382332326,0.928963360605,-0.0290387658591,0.338756605121
-0.11561968433,-0.976605558917,-0.108772517491,0.145059333816,0.217168826015,0.0555136879871,-0.959183380929,-0.172404098566,-0.225709869989,0.18844459155,-0.207879145539,0.932914761034,-0.942615957955,0.0874554095228,-0.1578671658,-0.280899742106
0.254080308892,-0.915762796504,0.0893365118913,0.298061545349,-0.891113404611,-0.319756380835,0.169671728163,-0.27364988891,-0.124242709182,-0.142388750253,-0.981267739108,-0.0374542014101,-0.354857500937,0.19712889503,-0.0185503771389,0.913713432254
-0.0707370159644,0.573987671307,0.0757744149648,0.81227622506,0.451045191436,0.747491298621,-0.0166003308475,-0.487380162485,-0.395940972557,0.171936745513,-0.899149689001,-0.0720995045887,0.796734118828,-0.286762388078,-0.430711624897,0.312201173696
0.926284545208,0.00939707144675,0.252867833749,0.279224810882,0.0141738883584,-0.851498752651,-0.397529439093,0.341642093684,-0.366655163224,-0.128127172666,0.736887882143,0.553302510437,-0.0857906374777,0.508374858649,-0.484793206285,0.706520004497
0.578923262311,-0.482751830359,-0.52105535511,-0.400374629005,0.757527703228,0.615829389505,0.186522155391,0.110070102261,-0.301660719444,0.620130392569,-0.532991420821,-0.49026447137,0.00066748948987,0.0560636202717,-0.640024177505,0.766306385951
0.203870269292,0.955861480208,-0.208286700798,-0.0371805624497,-0.292216457665,0.21214554654,0.779041811451,-0.512540403251,0.716897767229,-0.0159555591246,0.552663316428,0.42469550286,0.599252906969,-0.202653689507,-0.210413319342,-0.745354728074
-0.633579009807,-0.181727895835,-0.0224400602514,-0.751697448381,0.702062166275,0.243422930276,-0.177323073543,-0.64529878296,0.258246789073,-0.920934982504,-0.291548022077,0.0136786241175,0.197471387675,-0.244129078342,0.939708849649,-0.135474433195
0.316613577805,0.49614166714,0.469158277005,0.658399422535,0.318585511202,-0.385416560141,0.76422258332,-0.407334248947,0.447959962561,0.653087747189,-0.169955485781,-0.586449826726,-0.77304009362,0.422816645567,0.408618999943,-0.238045396455
0.0749464949017,-0.309397022835,-0.0822295970922,0.94440182048,-0.842062903774,0.0268207482667,-0.537943157033,0.0287727883808,0.0934812048018,-0.917076278862,-0.20949547383,-0.32610429243,-0.525903368822,-0.250050451852,0.812383591419,0.0305502632141
0.282928352173,0.846641960724,0.218980143906,0.393950040556,-0.29873815204,0.305972081411,0.525811385113,-0.735295171478,0.865313676201,-0.281167034895,0.355138723095,-0.214601555508,0.286250425034,0.332450859869,-0.741246633193,-0.508026129959
0.239760590365,0.830916490977,0.453485857262,0.215506894539,0.0146010948649,-0.246431509547,-0.0166333698329,0.968907451793,0.893725758184,-0.36365133944,0.242174322933,-0.101801619799,-0.378887762398,-0.341477670498,0.857569533964,-0.066419563933
-0.0866918114989,-0.875618002945,-0.0723590921703,0.469618786376,0.389872134903,-0.46382439851,-0.0163400548311,-0.795361331962,-0.807120889267,-0.134499715188,0.472854914041,-0.326915779659,0.434787440427,-0.00835864098184,0.87801218366,0.199961546582
-0.812382736244,-0.261492253282,-0.169290560199,-0.492947053499,-0.581487095019,0.306567627481,0.282057397465,0.698808037048,0.017400769125,-0.747301867368,-0.422271350386,0.512761190911,-0.0400532322339,0.528372984058,-0.84467226627,0.0758056125882
-0.72668986389,-0.38629046979,-0.530184573459,-0.203975078711,-0.685565212511,0.37781344918,0.559868505725,0.271670008117,0.0360301339638,-0.794450533586,0.335066048469,0.505253324873,0.0249802033878,0.277281481987,-0.541463126655,0.793289765256
0.124246978068,-0.316932813092,-0.328330277159,-0.881087685493,0.572677382386,0.633797878449,0.421578675572,-0.304322666392,0.80936913874,-0.42690244252,-0.208366736357,0.345339260737,-0.0390499859157,-0.561790126142,0.819178828207,-0.10868762665
-0.967621260684,-0.0361126876049,0.00634629962757,0.249729241674,0.0484042853501,0.199677993934,0.95963885037,0.192039060501,-0.095736245333,-0.818119483876,0.274362850574,-0.49622586355,0.228474708363,-0.538056765253,-0.0614656616825,0.809021753378
0.54139042048,-0.713042205658,-0.147138008849,-0.420496886925,-0.70250982536,-0.662278690506,0.218302470532,0.142165089716,0.234274970697,-0.219223320511,-0.452880353281,0.831838782133,0.398110030004,-0.0699920338014,0.851817951985,0.333190179764
-0.67034787996,-0.675121280629,-0.0840156994749,-0.296287594269,0.163617956655,0.269845791207,-0.212456295612,-0.924810648556,-0.545248454761,0.503592661008,0.66238714519,-0.101694760172,0.475990553136,-0.466678623025,0.713475265572,-0.215863617947
0.0803950293083,0.978846425762,0.187639066769,0.013707467249,-0.767663378621,0.086531069577,-0.0764424009816,-0.630366457272,0.511252099292,-0.125129400315,0.484738553056,-0.698564570621,0.37795617121,0.136801615299,-0.850868189049,-0.338316088237
-0.686394726505,-0.179000916878,-0.0274568674395,0.704320290502,0.0219750870259,-0.200866758221,-0.977027835776,-0.0677218510635,-0.712219241817,0.349458066092,-0.04578590549,-0.607063804296,0.14533797357,0.897491101483,-0.20631621218,0.361690775094
-0.857450531202,0.250052907687,0.06889464973,0.444416085597,0.500295341891,0.203750773532,0.0890808771722,0.836812279122,-0.063118202326,-0.617951562281,0.77654029729,0.10553258215,-0.102465847767,-0.717004206624,-0.619922004164,0.301831785069
0.254225427407,0.170941967141,0.94282918344,0.131230357708,-0.250085050805,-0.535939189129,0.0526056696238,0.804648554615,0.647039645438,0.448853794164,-0.328440082484,0.521533393862,-0.673918835361,0.694318587458,0.0208059269416,0.251639058691
-0.0266673223287,-0.0292456529628,-0.237738967848,0.970522399983,0.942897353654,-0.210723855307,0.245345894458,0.079658203278,-0.274650720043,-0.058092945507,0.934333034439,0.219576803003,0.186548697051,0.975379597013,0.101525149565,0.0593874512374
-0.172729427031,0.0658830839763,0.121306133896,-0.975248063911,0.408591505142,-0.90249739901,0.0483956170535,-0.127315713707,-0.135329868858,-0.0290224263787,0.979867105464,0.143888779935,0.885947714912,0.424635800179,0.151007091748,-0.109443784153
-0.0670208247451,0.0133811515166,-0.187197602057,-0.979941942984,0.023864109197,-0.0713045670638,-0.979934957562,0.184590470922,-0.995823259281,-0.0598201661825,-0.0069719116416,0.0686219822026,-0.0572254280733,0.99556925988,-0.0680876580542,0.0305150779892
0.0894189834641,0.00990140978059,-0.619442221411,-0.779870208313,-0.230654390822,-0.391371852061,-0.71261597177,0.534607428107,-0.967936011651,0.0527774291048,0.126295428129,-0.2106273609,0.0436196600157,-0.918664562545,0.304169814324,-0.24826089269
0.67369650439,0.508149678816,0.0218954138803,-0.536131993769,-0.69292497147,0.679813754305,-0.0715846658833,-0.229311750641,-0.248886861862,-0.52731853944,0.00379821595578,-0.812389107209,-0.0635872147446,0.0396525073732,0.997186943365,-0.00159523136161
0.292761228111,0.277700437755,-0.0721515005947,-0.912122519812,-0.706882023824,0.524296305114,0.463286352769,-0.103908345074,0.0683296552311,0.711824101046,-0.636488465685,0.288998166838,0.640265355868,0.37590198255,0.612407012819,0.271506214
0.0432100362517,0.0353215811323,-0.0978092056592,-0.993639088383,-0.832926242414,0.539707691074,-0.122165374054,-0.00501041675466,0.387120733464,0.4136871681,-0.816381425298,0.111900996872,0.393070356536,0.732346175693,0.555904982079,-0.0115941649606
0.109528460504,0.0364864016839,0.335816182397,0.934826053591,-0.745111454153,-0.369969303624,0.546779373164,-0.0946781513732,-0.563013469126,-0.0631362100817,-0.751368175779,0.338342307415,-0.340335526815,0.926177777667,0.153966467612,-0.0515827509355
0.0901457392093,-0.0324335252696,0.173368995936,-0.980186208528,-0.719312627169,0.350415601613,0.59916727371,0.0282281536214,-0.635323322156,-0.0092615947712,-0.748328112305,-0.19048237588,0.2661341136,0.935986749611,-0.225713990922,-0.0464180184083
0.665638330428,0.210817751648,-0.0507804413534,-0.714074810808,-0.384132148171,-0.651545718474,-0.393688560941,-0.52243658607,-0.638839792337,0.58755955896,0.232981168253,-0.438608321444,0.0353811465655,-0.431065907957,0.887778372681,-0.157416385632
-0.426214886824,0.0584943758392,0.237899033154,-0.870817620555,0.703342029717,-0.567677617992,0.306325260146,-0.298692059253,-0.186537770317,0.0804779430782,0.915652796085,0.346852876512,-0.537451876662,-0.817217125802,-0.105588077178,0.179312039544
-0.574854468806,-0.187208910993,0.00486422002598,0.796537194801,0.197740078009,0.138113205628,-0.953449569787,0.180990391606,-0.555848338651,0.802773414237,-0.039281262421,-0.212236783416,0.566986618591,0.54902860715,0.298943539251,0.536401457129
-0.60679240499,-0.47432238903,0.515964198514,0.37496959125,0.26540447332,-0.832595784145,-0.484277589363,0.042660780651,0.24391291446,0.227897256134,-0.176569718146,0.925954893847,-0.708427789508,0.172816006592,-0.684163209275,0.0136160931389
-0.309202701067,-0.600769706039,0.293371295527,0.676315557207,0.511818057148,0.405995687016,0.698717960646,0.291552722457,-0.45625162226,-0.117495187047,0.650880740348,-0.595301268309,-0.658991975076,0.678555925073,-0.0456153074675,0.32126418577
-0.0780542357917,0.455209445182,-0.304079266358,-0.833203274756,-0.192491217862,0.865525853269,0.189989330991,0.421563971989,-0.811606808567,-0.15427049359,-0.531926191943,0.185875037108,0.546030269865,0.140889932743,-0.767133873718,0.305788474338
-0.136413439705,0.0630804671624,-0.98816962309,-0.0305454437425,0.946953963255,0.0315659151636,-0.137632313637,0.288685175786,-0.219551916769,-0.597677260451,-0.0316598830235,0.770439160473,0.190962092538,-0.798627785644,-0.0597979435514,-0.567583778096
-0.122988645385,-0.517738407599,0.341648101487,0.774659479484,-0.561262297937,-0.659941819609,-0.304569577512,-0.395851992669,0.746018846931,-0.534031552601,0.21631588948,-0.333876649092,0.336621903692,-0.105990739478,-0.86239282416,0.362946654396
-0.177821777421,0.467171615611,-0.833656139943,-0.234835128073,-0.909343285725,0.238077940246,0.33878484906,-0.0404785019889,0.241017794359,0.279083739949,0.347806409307,-0.862005446934,-0.288763964138,-0.804476128938,-0.263197583628,-0.447393074328
-0.467444118464,-0.290508715493,0.525048995744,0.649171960581,0.574463369211,-0.335423713979,-0.42938344428,0.610829458453,0.221470503055,-0.814385752996,0.298010290746,-0.446000592155,0.634380524469,0.373993935299,0.671672000649,0.0809111245647
0.173806646046,0.447888081466,-0.696603546327,-0.532851776309,-0.258011046871,0.469257000242,-0.35042779384,0.768393472591,0.39241126146,-0.673125188983,-0.556117472791,0.28922178046,0.865583590049,0.35510085069,0.287536462046,0.204917587023
0.184522813819,0.732245125965,-0.500879448271,-0.422951752545,-0.72395751119,0.0238362806852,0.294518158869,-0.623358971871,-0.0282433193466,0.664062961271,0.651383930274,0.365953103227,0.664107798542,-0.149228987438,0.487932175386,-0.546455609767
-0.696289316346,0.223373362563,-0.678020200006,0.074660144815,0.0290804191407,0.713941508158,0.276125892443,0.64280350316,-0.706635063005,-0.0764595603383,0.681138043248,-0.175703697757,-0.122484304694,-0.659200879444,-0.00969876009594,0.741860990817
0.966168844969,0.228436648126,-0.0328064341851,-0.115144251618,-0.182643381337,0.878671768025,-0.321319173684,0.302210701255,0.12143530682,-0.0285806560162,0.597685744652,0.791964874852,-0.135693126292,0.418253234263,0.733791167253,-0.517882351859
0.964658580302,-0.233297794925,0.0290693012274,0.118999739745,-0.205878937112,-0.444215141132,-0.203701290763,0.847816345552,0.132527114012,0.478581815555,-0.864722532985,0.0751728063806,-0.0973871180143,-0.720558459178,-0.458165582312,-0.511268574564
0.0726321454848,0.0420189148578,-0.128759095656,-0.988119465208,-0.830487192967,-0.471479558241,0.272752710158,-0.116636218993,0.533082019665,-0.824329830698,0.189424055594,-0.0205528025428,0.144357729512,0.310518545624,0.934422592594,-0.09794639965
-0.824827783485,-0.560708473371,-0.0618167215261,0.0379977423232,-0.446648052414,0.705903056747,-0.530901592083,-0.142653045092,0.300905712025,-0.41012244146,-0.645326272212,-0.569920466271,-0.172105773691,0.138226138539,0.545780354041,-0.808329723832
-0.37590729065,0.0300023245202,0.906673246423,0.189042835306,-0.909170185226,-0.101104976638,-0.323017809238,-0.242583702895,0.134420720523,-0.923959764683,0.153736884052,-0.323410565107,0.11846667475,0.367662885629,0.223535432578,-0.894886339088
0.25959968165,-0.302577594524,0.845550935451,-0.355103393588,0.312398126353,0.294273293829,-0.341733015246,-0.836079652594,-0.383522094792,0.828887371351,0.406863145481,-0.0178580309887,0.82941317734,0.367145411855,0.0521971522099,0.417795985034
0.115269792407,0.0229882972524,0.79592105679,-0.593880530499,-0.483752308574,0.640662661157,0.388843835997,0.452034876703,-0.429550094976,0.416206019131,-0.446420856191,-0.665558175296,0.75377934093,0.644822023839,-0.126564456793,0.00164348258008
0.100935337698,0.973612209,0.0759368668876,0.190065557996,-0.0432804727102,0.110914822252,0.605325558042,-0.787023298046,0.033094666525,-0.178913146562,0.792309712643,0.582357405969,-0.993400020804,0.0881320298059,0.00773823492131,0.0730018062057
-0.765769836484,0.0321671151778,-0.368578765853,0.526033770394,0.302129880023,-0.190921789157,-0.914563681658,-0.189313703188,-0.440369400358,0.499929972029,-0.0967775203056,-0.739445012059,-0.35831394664,-0.844147007454,0.135488291444,-0.37505981967
-0.209222292339,-0.0945040311518,0.843799889309,-0.485073981252,-0.510134851052,-0.464408573429,-0.486624856037,-0.53598820897,-0.798681918222,0.0561838284614,0.142755431647,0.581868935122,-0.241030412262,0.878770187502,-0.175553077516,-0.372623690736
0.0871639854397,0.360413202244,-0.925822082883,-0.0731999599457,-0.259219822494,0.905434398451,0.332154634981,-0.051642348794,0.78720548641,0.216057812374,0.113443994996,0.566354132922,0.552734154395,0.0600824055955,0.140204241397,-0.8192788474
-0.00768148845052,0.70768417661,0.697078005499,0.114918906888,0.342038645531,-0.658146365457,0.670667059231,0.00765651757696,-0.646784191898,-0.113503102028,0.226686116992,-0.719305678626,-0.681630962332,-0.23052876966,0.113584128625,0.685079822557
0.185869187106,0.947393663356,0.242882578209,0.0943713151357,-0.161307255303,0.28958135849,-0.836766565993,-0.435826020607,-0.905611037782,0.114835967767,0.335493936471,-0.232648162137,-0.345400148984,0.0734886654867,-0.358153020133,0.864305829725
0.279792501392,0.861930318747,-0.316700982495,-0.280165610802,-0.34363307457,0.272331279281,-0.309008948345,0.843958206447,0.773753740069,-0.341426031175,-0.469677578545,0.253251628184,-0.452700360013,-0.257565652186,-0.763948250696,-0.380927012847
0.114813614435,0.855172442155,-0.319632637283,-0.391577457601,0.608463146953,-0.462076142819,-0.442443124091,-0.469576744508,0.785062990767,0.23357764279,0.374069251486,0.434959515828,-0.0163258466479,0.0246417776173,-0.749767466766,0.661040842389
0.510417879071,-0.667538301264,0.355517134157,0.409235595216,-0.766423198289,-0.2705850846,0.58250049556,0.00850680838766,0.380259082162,0.199643497645,0.602882977849,-0.672367175955,0.0864413112007,0.66431829885,0.413319313623,0.616746497775
-0.166866703408,-0.324678780831,0.435608412194,0.822790680427,0.465970100393,-0.150870423336,-0.755575277431,0.434989633252,0.182690738254,0.916564322074,0.12201474798,0.334135210556,-0.849500713943,0.178133792814,-0.47377601526,0.148839431041
-0.718984762761,0.199091497764,0.582163932101,-0.323277964911,-0.565188425761,0.390003447507,-0.641428626441,0.342094535913,0.0311836007215,0.0490668828763,-0.467955683691,-0.881837571298,0.403299562794,0.897692780107,0.175134095608,-0.0287260117222
-0.660418721716,-0.0559366817108,0.662612625129,-0.34880181861,0.155427140174,0.51771492378,0.538766887404,0.646176371303,0.73348044937,-0.112555945551,0.469905986155,-0.478043882598,-0.0411818709701,0.846270349507,-0.223300502087,-0.481941318851
-0.889770256565,0.0342984857042,0.418221079968,-0.179509422262,0.0260775425685,-0.150666788036,0.446292570095,0.881726954694,0.450639683418,-0.0711074393293,0.783433199326,-0.422018992457,-0.0674739063237,-0.985427249945,-0.110211126214,-0.110607028217
-0.0226762026745,0.156986836428,0.107025873007,0.981522483455,0.413680061065,0.235522152553,-0.876836424867,0.0674981981986,-0.816499526478,-0.328746905221,-0.467001327847,0.0846389706792,-0.40209839613,0.901004950682,0.0401634948969,-0.157777857618
-0.341051332991,-0.154817404966,0.894385471063,0.24452032336,-0.160991216197,-0.0164359383167,-0.319494778166,0.93366737919,0.178721712034,0.955905493186,0.201720113382,0.116671477239,-0.908748791592,0.249010279201,-0.239388202995,-0.234228100148
-0.865740088448,-0.0934607266077,0.462520170054,-0.1668360996,-0.484385631923,0.0246414739776,-0.725633587793,0.488077098022,0.108198691677,-0.0449530815334,0.502439779697,0.856636755783,-0.0644802447327,0.994302323643,0.0841739647258,0.0109512966683
-0.919590241528,0.171526996021,-0.0820076402099,0.343812484168,-0.354977036238,0.00639096973242,0.094757105184,-0.93003846709,0.13897544979,0.638010146112,-0.74703474595,-0.124771656064,-0.0950311306138,-0.750653514346,-0.652866698727,-0.0354042272461
-0.986169680375,-0.0255274366205,-0.0763473743809,0.144875083829,0.144245362641,0.00597794669905,0.0123537953985,0.98944677636,-0.0693874684174,-0.227799787935,0.971232327121,-0.000634506002498,-0.042988557696,0.973354956195,0.225224840812,-0.00242574498448
-0.672183231466,-0.609687312655,0.102996271107,-0.407238078109,-0.620960559364,0.771310475595,-0.0277434773505,-0.136815325955,0.280651333135,0.16455111271,0.797644846784,-0.507858699753,-0.289503914069,-0.079274600785,0.593620051886,0.746671450779
-0.278370807928,-0.386692658438,0.545087206222,0.689824918959,-0.86387081656,-0.238520024519,-0.0529214485658,-0.440493734894,0.041015822987,-0.555674616353,-0.769194627409,0.312862666631,0.417797328682,-0.696277751012,0.32927022802,-0.481896049508
-0.0655546140724,-0.240508942364,-0.888731196492,-0.384727048177,0.323585509546,-0.410016250233,-0.263933049199,0.81087510635,-0.495040752621,0.676680733738,-0.333285393624,0.431229271073,0.803697495224,0.562268003515,-0.171514000361,-0.092238690763
0.35630191289,-0.326691945257,0.829320425076,0.280265860081,-0.418171137488,-0.0213836377711,0.439748379724,-0.794542007912,0.520686259836,0.812263882054,0.165342538157,-0.204389456198,-0.653504143416,0.482744755385,0.30250758694,0.498376359322
0.993964486543,-0.0732152616087,-0.0100367744302,0.081076433801,-0.03942790681,0.418269770308,0.198019303634,0.885598212961,0.10205038881,0.888525510935,0.0967598725297,-0.436744389351,-0.00810911830287,0.173816975959,-0.975358982947,0.135634639577
0.730336964806,0.346888530426,0.58726305521,-0.0373947761431,-0.539663701251,0.0727734210785,0.661027425579,0.516245931092,0.257295896402,0.303688218419,-0.448403846134,0.800316361485,-0.330408579013,0.884390096415,-0.130762522879,-0.302630948331
-0.0703574642281,0.720202399266,0.481471733216,0.494513196419,0.334618253535,0.449555660425,-0.808417006898,0.179978541884,-0.631269686994,-0.312130485109,-0.290656469732,0.647759182992,0.69611711221,-0.426359909626,0.173682842199,0.550883348703
-0.0461785871293,0.725600988593,0.248943294622,-0.639842152024,0.107922974914,-0.504806391475,-0.422873566664,-0.744782575809,0.172711801896,0.467567117675,-0.846167585959,0.188552487194,0.977952352143,0.00739614417774,0.207859565939,0.0186787268563
0.897367017079,0.389532141313,-0.206288650713,0.0210271284031,-0.282426873275,0.474736790143,-0.251112692995,0.794860023371,-0.102211718507,-0.254679912179,-0.94413561131,-0.182479736925,-0.323295936427,0.747012605851,-0.0547298406696,-0.578322184193
0.143240457115,0.596977285782,-0.194066730268,0.765139461738,-0.861698523406,-0.0330748630053,0.413638186597,0.292036228549,0.2420107732,-0.781584343216,0.0365682078765,0.573776495046,-0.422360760322,-0.177904716455,-0.888765616439,-0.00754844614939
0.230475685159,0.659537439634,-0.566065122935,-0.437563253561,-0.244306778696,0.433091343487,0.746674562304,-0.441840677267,-0.206318346674,0.608274089017,0.0328019023288,0.765741083957,0.919036395503,0.0862837559855,0.347809444679,0.164182238338
-0.146413292098,-0.546070541265,0.51916979171,-0.640962432,-0.226998060576,-0.792859491007,-0.340036022098,0.451908410732,-0.620585152577,0.187239588291,0.600294117734,0.468468117582,-0.736144752608,0.195248887471,-0.504465264677,-0.406796720591
-0.0953924619516,-0.362156406668,-0.0537810405125,-0.925662257518,-0.570847022885,0.59659714635,-0.545702163278,-0.142879916097,0.809439203263,0.298259358195,-0.475499996058,-0.172479811044,0.099207514262,0.651118988608,0.687907335637,-0.304935123206
0.166082112409,0.90432384182,-0.295978373241,0.258866613581,0.0752151116924,-0.375824037531,-0.889969844417,0.247088356293,0.55330490896,-0.201985848424,0.336096788386,0.734911112716,0.812781087767,-0.0125059572267,-0.0859617789405,-0.57605648765
-0.140306237922,-0.521329097138,-0.841432006834,-0.0228541014329,0.147239505763,0.772941995933,-0.512774111352,0.343429628299,-0.727909252975,-0.0634364622392,0.142545225847,0.667686148785,-0.654815093729,0.356023115343,-0.0934652191506,-0.660097710324
-0.120729990971,-0.977577417141,-0.170532469898,-0.0261789894073,-0.930183010973,0.0590684639909,0.339390662866,-0.126824526879,0.345668927081,-0.174722307014,0.821206379279,-0.419052730469,-0.026397504196,0.101614100838,-0.425855300896,-0.898679591947
0.531276177186,0.0209295529877,0.116917992816,-0.838831187023,0.587086798501,-0.685632387858,-0.29472553882,0.313646578992,-0.578838552592,-0.717327554911,0.125076154765,-0.367073649977,0.194988832023,-0.122112085794,0.940118607003,0.251485583398
-0.131867762949,0.645507188102,0.584469416897,-0.473631569805,-0.820216804666,-0.481639887684,0.114658825879,-0.28656720954,0.553350872347,-0.575572810116,0.386223633523,-0.461898319153,-0.0604822164903,-0.141631313472,0.704329581424,0.692966314668
0.0377264738514,-0.930729223902,0.334205506737,0.143619303066,-0.775298567094,0.0796691829958,0.481612648198,-0.400767027385,0.058182533936,-0.306598187901,-0.518227854629,-0.796273969565,-0.627776741986,-0.182738841608,-0.62273254857,0.429775582067
0.203935235898,0.852828677726,0.474024587201,0.0799647218276,-0.0690134518463,-0.263434014347,0.352615972731,0.895266239353,0.891299647708,-0.0137668406184,-0.395899169897,0.220588438885,-0.399039473009,0.450662002651,-0.703012456347,0.378740999324
0.836601460622,-0.229844022578,-0.455600505796,-0.19924331981,-0.397759016615,0.266465255082,-0.877466480116,0.0289241907053,0.29806305362,0.931776655804,0.142896859871,-0.150103854729,0.230313214674,0.0892202713414,-0.0454009122128,0.967953678385
-0.333244067418,0.4489859477,-0.810442334049,0.174766225227,0.22922439066,-0.173362468014,-0.379900958311,-0.879247914575,0.04400962929,0.860731640884,0.388435096207,-0.326071113325,-0.913492048562,-0.165825558442,0.219035752997,-0.300095818514
-0.793227854593,0.147032620025,0.13208493002,0.575955337337,0.313698299468,-0.288402609607,-0.629251101293,0.649969509441,0.25734369535,0.942907838367,-0.15070913535,0.148276051107,-0.454045339224,0.0782952857238,-0.750921686532,-0.473106012282
0.117691929814,0.236781145681,0.909858038055,-0.319752481292,0.684274083601,0.680922644531,-0.260575136446,0.0146263099546,-0.629471680776,0.553010750045,-0.235539463013,-0.492408036896,-0.34883089208,0.417681878407,0.220862197344,0.809369351387
-0.541359986113,-0.465913237811,0.694190307602,0.0891854085539,-0.617250468654,0.769012599288,0.0134905360231,0.165648684026,0.486721938757,0.436356839913,0.707080518044,-0.269687974513,-0.298383945134,-0.0337221771219,-0.133996131555,-0.944391271023
0.363204589789,0.736100567831,0.54797593724,-0.161123406747,-0.628430985535,-0.238529598094,0.616309938525,-0.410292806333,0.593025167003,-0.615427526056,0.486761465827,0.180647133549,0.348537047783,-0.15002848078,-0.288006436156,-0.879241533374
0.105935173195,-0.912393279602,-0.373204315322,0.130517360691,-0.171404991507,0.158507401115,-0.0978345332557,0.967431722025,0.952162669054,0.206292906791,-0.193735903676,0.115307796331,-0.229748383295,0.316001809704,-0.902005178895,-0.183698649648
-0.561156538342,-0.599805424913,0.338995792095,-0.458714120845,0.747077910559,-0.363351897083,-0.136462800253,-0.539655351672,-0.213333584975,-0.442498152002,-0.843822117395,0.215982409448,-0.285423749104,0.558931334428,-0.392968181007,-0.672090065064
-0.976407324486,0.0844200012836,-0.161019326452,0.116510843193,0.0451479551058,0.324440969588,-0.619725791923,-0.713189779952,-0.208270256564,-0.17043825219,0.680231448466,-0.681806042023,-0.0348410543706,-0.926586273817,-0.356788306776,-0.113692929647
0.150797502365,0.817187938685,0.499738882276,-0.244387061215,-0.464878993708,0.474379507125,-0.724857981644,-0.182845592988,0.136444970762,0.321437042502,-0.11182621079,0.930352565559,-0.861702039247,-0.0620176087457,0.460800232822,0.203190937774
-0.0695184421463,0.433877049687,0.696201624669,0.567645302777,0.372226085266,0.800352976337,-0.0846918934199,-0.462287938309,0.827128317102,-0.391261285566,0.394673859372,-0.0837012436793,0.415299499996,0.134537821603,-0.593601824227,0.676064179006
0.00142574392551,0.00258831711018,0.99999456197,-0.00146420632769,0.781087240025,-0.614357839999,0.000640011429821,0.11165463845,0.613903501146,0.788230918386,-0.00285324544785,0.0425014066995,-0.11411915705,0.0353520062518,0.00152492857473,0.992836707742
0.887238377458,-0.0207281517649,0.460764409702,-0.00863504729855,-0.251821566926,0.408345541835,0.489627610802,-0.728082838442,0.219792535778,0.883300224326,-0.38042641744,0.163547228149,0.317938989765,-0.229357746529,-0.635009214426,-0.665637379125
0.883021554632,-0.138754908488,0.309268608218,-0.32461197975,-0.112216394111,0.821248741682,0.113996396161,-0.547688603899,0.437034739357,0.369441582848,-0.760811786732,0.30607021846,-0.129155145248,-0.412080691757,-0.559037722165,-0.707803134448
0.391337577523,-0.793272028119,0.356118597398,0.301253936755,-0.669028828049,-0.438925471145,-0.509817499193,0.315960401846,0.317276225328,-0.350861955127,-0.543861666573,-0.693142245805,0.546434922474,0.234435084041,-0.563453768943,0.573558120102
-0.255004806772,-0.350742917129,-0.717084317626,-0.545657434681,-0.924801910845,-0.0798196715531,0.371943806465,-0.0052962783033,0.267825590711,-0.780265766436,0.494580394925,-0.273578178304,0.0893500262011,0.511657658835,0.320683830592,-0.792076318147
0.285444473474,0.226139964661,0.161012722436,0.917309692612,-0.313987020407,0.939319954604,-0.0634876621843,-0.122717116367,0.431203047153,0.158525758936,0.829043291359,-0.318780076122,-0.796239622039,-0.203490351171,0.531724967456,0.204603764039
-0.846381692134,0.276488531067,-0.453015873025,-0.044370510445,0.0307120017273,-0.818857902179,-0.537712493017,-0.198478673522,-0.529497998924,-0.474152269468,0.702799443701,-0.0297394759133,0.0482356020692,0.167944793268,0.108235094009,-0.978648577137
-0.891223858839,-0.427974633074,0.125884365142,-0.0819199212329,0.305767605952,-0.394829859269,0.864019544381,0.063920108795,-0.0737331674434,0.400810843491,0.273703198568,-0.871206431825,-0.326786818287,0.707317300379,0.403373167966,0.479794434466
-0.864139660201,0.115217667972,-0.454566061538,-0.18263962427,-0.229234931129,0.750420294643,0.458214769871,0.41756430931,-0.437672664431,-0.541622384728,0.715782953387,-0.0523697891118,0.095690296417,0.360887049832,0.26657772602,-0.888560757869
0.90851865551,0.0557254870057,-0.383954483234,0.155136963655,0.193927721079,0.641351209177,0.67594328559,0.306857198303,-0.264089010875,0.75891702574,-0.575759509525,-0.151006389165,0.259312332761,0.0980216538666,0.253338936334,-0.926805401791
-0.967095705589,-0.242439852655,-0.0753625308432,0.016410454624,-0.107942651976,0.526928463561,-0.463301346743,-0.704305786061,0.195525967716,-0.514924567454,-0.824859386378,0.127394185444,-0.121835446668,0.631206782256,-0.31508624812,0.698179617444
0.807807188643,0.176247484895,0.55489185961,-0.0920836260292,-0.292571580099,-0.190446782325,0.605148830735,0.715490591329,0.485275860583,-0.0864158700202,-0.569909638781,0.657451625725,0.162347638201,-0.961872727848,0.0330593469918,-0.217603261392
0.943718666792,-0.127799352387,0.044899349867,-0.301739045964,-0.248279540866,-0.882898842973,0.0416978371381,-0.396368758912,-0.217630021154,0.447207321186,0.235098970655,-0.835087576106,-0.019736297229,0.064517985733,-0.970038047066,-0.233396862302
-0.311403462267,0.060265337738,0.222760031637,-0.921831839904,0.861356215829,-0.368251542327,0.236535041758,-0.257890374088,-0.201488093034,-0.766263935865,-0.596906519577,-0.126272466693,-0.347125195725,-0.523066411877,0.733574637792,0.260334166116
0.212598677886,-0.138177620241,0.0666283936933,0.96502300728,-0.932353703129,-0.0534384705488,-0.283933658535,0.217353582162,-0.265003977401,0.48050434861,0.833087884262,0.0696637640712,0.123657860184,0.86438813394,-0.470007352922,0.128976647953
-0.120184939214,0.227957137632,-0.300562714522,-0.918288178312,0.829316493981,0.512859957262,-0.204592133591,0.0857372493153,-0.335970217107,0.757452812549,0.557619983704,0.0494894307253,-0.430015983905,0.333579742194,-0.7462332526,0.38333633
0.616868974997,-0.346495150151,0.434820737066,0.557085904709,-0.344422142424,-0.920966006041,-0.173326447396,-0.0561511011308,-0.706525293831,0.151828701181,0.41916742137,0.549607794283,0.0408419474493,0.093331517382,-0.7779380066,0.620027113181
-0.442539421477,-0.744549051839,-0.328895791305,0.376341770611,0.838823772824,-0.507338306136,-0.139750441812,-0.139471628963,-0.123046327343,-0.403799577851,0.891492103347,-0.164460730644,-0.292221046319,-0.158746506921,-0.27845861837,-0.901036738698
-0.00270026309743,0.0707251041013,-0.110389297035,-0.991365155394,0.854245952546,0.50445781203,0.124065566251,0.0198470076309,0.247288585377,-0.598535188693,0.751309974488,-0.127032695293,0.457279910646,-0.618284645959,-0.638713754828,0.0257666312411
-0.791170793373,-0.402929326979,0.0231878976695,-0.459520461542,-0.266745778977,-0.254407545145,0.597083782934,0.712470663627,0.458565882122,-0.293097999149,0.674784313218,-0.49847469874,-0.304323506923,0.828865683526,0.433150560653,-0.180968156348
-0.424967899718,-0.349823897593,0.831772945939,0.0719672931634,0.550783981947,-0.49842028004,0.0138683084145,0.669344380492,0.691660222284,-0.0402623846394,0.388983900747,-0.607187452319,-0.194024293196,-0.79219909461,-0.395794089628,-0.422045266251
-0.107260635704,-0.92589022525,-0.326768470606,-0.156348372017,0.675296696756,0.135930649765,-0.288656581075,-0.664962110204,0.718332724236,-0.216321666672,0.0621842710603,0.658282728205,0.128326243111,-0.278307538111,0.897793328808,-0.316298005538
-0.988393120911,0.140991999415,0.0374417140214,-0.0424076960894,-0.0965973757874,-0.31209320083,-0.793870569453,0.512870646403,-0.114063546844,-0.934642335286,0.212510286329,-0.261290242025,0.0271568188092,0.0957224905036,-0.568512985965,-0.816634983816
-0.0113284546724,-0.0439731204143,0.0704520410515,0.996481078951,0.124103884259,-0.156522922249,-0.97777787964,0.0636334724009,0.977537601886,-0.150201865733,0.147729883336,-0.00595969782628,0.169970964947,0.975195538865,-0.131006906568,0.054228428749
0.898986817439,0.069129491667,-0.361233408731,-0.237811353533,-0.330217715469,-0.304524993561,-0.334746922526,-0.828350944073,0.0417533273071,-0.837321591575,-0.337921351886,0.427736334534,-0.284667564221,0.44875181778,-0.802037456866,0.272620802038
0.254166499936,0.69509861414,0.120332578742,0.661632358205,0.961360630381,-0.257361689147,-0.00876480063215,-0.0973338460256,-0.100088468363,-0.615001848996,0.511764843149,0.591482687447,0.034167633282,0.269027142332,0.850611541234,-0.450463067792
0.962645550888,0.264468684676,-0.0577305209771,-0.00608647090003,-0.25014457248,0.788969566301,-0.560242684115,0.0329067045682,-0.0907972316184,0.459098399705,0.65203459555,-0.596519411523,-0.049970981017,0.311146264101,0.507588620883,0.801900676731
0.911411524474,0.347203438876,0.0287595927549,0.218978745348,-0.0752070552822,-0.259034034435,-0.543228139028,0.795077642,0.216374085754,-0.740294450837,0.606363093377,0.193572157257,-0.341840879514,0.514116005486,0.579999891192,0.531441127702
0.226380977242,0.197908235061,-0.461557524054,-0.834594893123,0.737569652208,0.480435942521,-0.205577216852,0.427680162255,-0.334165576446,-0.163966283583,-0.86098563595,0.346629716057,0.541364968208,-0.838527693923,-0.0583643263229,-0.0197201200146
0.430536488237,-0.0897862759953,0.590410861884,0.676750892951,-0.480325219569,-0.343034005531,0.71891023594,-0.367128624813,0.689496206653,-0.545671234785,-0.0419735560268,-0.474421864098,0.329425252151,0.759281897072,0.364446576916,-0.426788819674
-0.973119333594,0.178952948647,-0.131767822142,-0.0604305039257,0.186985303048,0.246479646566,-0.862672818083,-0.400099849055,-0.0541026682913,-0.379283911464,0.287090701356,-0.877949625539,0.123077862812,0.873708956406,0.394983264435,-0.255876376397
0.363980618603,0.581036524058,0.271554583032,0.675405637692,-0.176378169871,-0.720523553247,0.155711118936,0.65229640337,0.468193980636,-0.121924441333,-0.853046209266,0.19555304129,-0.785622840153,0.358297079995,-0.417521641032,0.28301172196
-0.869070732221,-0.49227857566,-0.0320754449524,-0.0367291733439,0.165047013871,-0.236513547917,-0.952620357557,0.0966192487643,-0.260035748962,0.53267349668,-0.254793307761,-0.764016181449,0.387113620106,-0.646515345164,0.162990768202,-0.636863378659
0.307670320367,0.235975180871,-0.00211453445478,-0.921764729593,-0.850240727213,-0.364114580995,0.0478628817627,-0.377121230169,0.0106837968143,0.0827447776597,0.996260279217,0.0224636219111,-0.426984234181,0.897156389762,-0.0719036115025,0.0873197957149
-0.263208560434,-0.274447053377,0.268693115059,-0.88498817988,-0.408074447548,0.282994715492,0.820631337438,0.28276040083,-0.847194382561,-0.274210445121,-0.400901833195,0.215285926352,0.215541590256,-0.877155309899,0.306016238256,0.300822949773
-0.703562050712,-0.577649341445,0.340252613289,0.235690131902,-0.19450810355,-0.39789333068,-0.649789871677,-0.617754496316,0.212571529086,-0.140822910182,0.678015612033,-0.68940342531,0.649600172008,-0.698692381307,-0.0479177592864,0.295892651439
-0.377177744626,-0.608024943031,0.571569896818,-0.401684541229,0.237983769651,0.524439381298,0.80695765329,0.130944287861,-0.885461326003,0.326384861004,-0.00465480619435,0.330771061975,-0.130609779476,0.498740339759,-0.148679291186,-0.843856402105
-0.0249903459779,0.0977792144644,0.686100755183,-0.720472387787,-0.330522705596,-0.582518255927,-0.502829755562,-0.546433398978,-0.0283741213772,0.787061605807,-0.496489519207,-0.365002870151,-0.943040366543,0.177892482683,0.172991756963,0.22159193058
-0.279668541206,-0.609239348348,-0.694960200484,0.260083146759,0.757189247478,-0.329239087383,-0.21177143491,-0.522894756332,-0.454283872524,0.349793277768,-0.392897470544,-0.718959250329,-0.37692985253,-0.63093082235,0.563750615734,-0.376875877365
0.229422129471,-0.804869160113,-0.317196734518,-0.446023937945,-0.869706139865,0.082756078666,-0.267434845469,-0.406498788626,0.167269757745,0.204354915344,0.62971560886,-0.730560160888,0.403729544292,0.550977436124,-0.65675192196,-0.319535965032
0.541328413141,0.706069941543,-0.148128932388,-0.43184095008,-0.18050311425,0.622183412592,0.378099375212,0.661322379257,0.462603512036,-0.250866898774,0.841951393079,-0.11908669717,0.678513202174,-0.226757222254,-0.355269663137,0.601651446509
-0.979919405543,0.0150584035052,-0.164520689827,0.111642938614,0.0558261579216,0.244056901904,-0.736557684922,-0.628333068927,-0.139067071796,-0.670583422486,0.324035249783,-0.652670958391,0.13153611015,-0.700376574854,-0.57045322008,0.4083552728
0.590664904112,-0.514213416889,-0.140878519439,-0.605683725803,-0.170417164492,-0.832738951232,0.111630960431,0.514822646957,0.641378695311,0.163210319607,0.672931296801,0.33039254011,-0.459027592088,-0.124470046861,0.717534139411,-0.508867012015
-0.752838227165,0.545397967003,-0.123739607082,-0.347079487938,0.349625353294,0.60239167339,0.714468945823,-0.0664869131432,-0.373256983346,-0.581360136638,0.641851082264,-0.332756373505,0.414337954376,-0.0410575321714,-0.24949914487,-0.874293151823
0.178617630918,0.179493232392,0.469622281006,0.84577351261,0.0412116180964,0.290813781859,-0.863857366322,0.409242467818,-0.620193571109,-0.700067754016,-0.105165528819,0.337942725457,-0.762730148096,0.626988567354,0.148813895122,-0.0546121068208
0.561225372783,-0.813047437737,-0.0925847356532,0.12412901215,0.635416807075,0.529560996695,-0.0480025827574,0.55991640815,-0.459297169994,-0.152387487724,-0.625813667257,0.61170370041,-0.265174794932,-0.187875140329,0.772968998503,0.544889151233
0.109398222044,-0.902025166539,-0.0537390922989,0.414119231506,0.0429544393143,0.42371140565,-0.153736520578,0.891621356354,0.544933582442,0.0577294348259,0.831664849665,0.0897122116128,-0.830201382728,-0.0590470660314,0.530858521671,0.159588026114
-0.877952198603,-0.426293405337,-0.143596563582,0.16387158528,0.176773604109,-0.490638364637,0.777309967197,0.351872566326,0.405437263555,-0.424244534295,-0.604071114159,0.539198747663,0.18322569465,-0.630527162645,-0.101327838538,-0.747393143616
-0.90061487301,0.0584864067391,0.429284557494,-0.0344522776766,-0.428305580442,-0.285178554648,-0.85186015807,0.0977844201487,0.0129208479963,-0.33325222175,-0.00314999034534,-0.942743913238,-0.0726652046175,0.896769473663,-0.300065188503,-0.316993945987
0.111354416126,-0.0781443919326,0.151723351426,-0.979016686605,-0.0748575025912,-0.60083531803,-0.791497274441,-0.0832186245154,0.98359085496,-0.133053805913,-0.00482299648867,0.121747498851,-0.120605051115,-0.784338612685,0.59202096913,0.140636177445
-0.0799489240685,0.929463246232,0.163774781808,-0.320755458704,-0.308190112268,0.315419304205,-0.25542580029,0.860399429208,0.946864186779,0.183715647672,-0.114817891296,0.237725943963,-0.0455547586422,0.0534536924803,-0.945913491408,-0.316725643889
0.107686098723,-0.0135970976862,0.00486877690534,-0.994080036057,0.0142012520391,0.215006755006,0.976503453146,0.00338019768715,-0.805370041839,-0.571142964421,0.137739474228,-0.0787568863098,-0.582735895832,0.792075077521,-0.16566574252,-0.0747717127966
0.140258727951,-0.619279101284,-0.583161518795,-0.506698654966,-0.76804101607,-0.556965634856,0.182526885929,0.258043049,-0.624090652052,0.549506260709,-0.389739545178,-0.395798957031,-0.0308438792893,-0.0657688812756,0.688991774867,-0.721119576445
-0.99055438733,-0.0960746042496,-0.0775220960175,0.0596824998469,0.0940136383933,-0.344197818991,-0.91597900322,-0.183498672634,0.0861688308756,-0.19482073811,-0.112381275427,0.970561827768,-0.0503822798434,0.913423457013,-0.377284029907,0.144138734671
0.538048133839,-0.264026459162,-0.411086940866,0.686878272756,-0.463421192824,-0.630408035653,0.473744723647,0.404218311611,0.409752439401,0.443710934031,0.741139208549,0.293148800061,-0.572580074853,0.579651916643,-0.239345226434,0.528081031658
-0.739687775416,0.116451356299,0.662749094732,-0.00804449807956,0.0634498813404,0.218224966244,0.0442798170692,0.972826435941,-0.293640496901,0.818185641869,-0.473226182894,-0.142844299299,-0.602172206298,-0.519027168039,-0.578670817526,0.182042626168
0.146088738396,0.94821895814,-0.251041495936,-0.128518696138,0.17429522813,-0.211895018816,-0.219647669453,-0.936203276941,-0.537748338042,0.234656316294,0.740819165893,-0.327032263855,0.811853422052,0.0302939209919,0.583026613516,0.00750115891596
-0.010803058202,0.404295721505,-0.884348500758,0.233143716864,0.423025414011,0.816001955727,0.387122684474,0.0729817409698,-0.863000919302,0.410325444164,0.128161676227,-0.265399751133,0.275975010313,0.0481539997649,-0.227240711843,-0.932673922049
-0.631058782215,0.728170514209,0.130781941936,-0.23329937696,-0.728632376852,-0.629641394851,-0.237489296042,-0.127457473526,0.15234969846,-0.220437894399,0.543825383668,-0.795267663224,0.218287063682,0.157246783241,-0.794196996977,-0.544862677179
-0.892102108195,-0.175992340624,0.276933826136,0.310625466659,0.429345629825,-0.0575233312624,0.668760668765,0.604245450479,-0.0679456412275,0.202312758372,0.687857537021,-0.693761447762,0.123286449143,-0.961658624566,0.0540262215825,-0.238944153804
-0.893569697322,0.0243954171641,-0.185714290081,0.407980712912,-0.382565551946,-0.0549747228898,0.790774961223,-0.474653914985,0.0490302339218,-0.975515480758,0.0761907061109,0.200400996167,-0.229723378552,-0.211547134855,-0.578256119263,-0.753720664183
0.971337927442,0.124603725759,0.182776307785,-0.0870020893543,-0.0998881456363,0.335860651214,0.631234653295,0.691926870274,0.129778179126,0.427661634261,-0.746822024599,0.492463211193,-0.172286428069,0.829925937102,0.101943598946,-0.520718569155
-0.586762446571,0.168858207699,0.533925175331,-0.584910800152,0.0844651883773,-0.267655627724,-0.622682030415,-0.730406178711,-0.166000384011,-0.947526415963,0.246432253782,0.117935184983,0.788047800425,-0.0451781107718,0.516199709843,-0.332381500855
-0.359795498749,-0.0662219897828,-0.893447604656,0.260601659403,-0.846196052168,-0.0778031142993,0.433870413328,0.299425084352,0.222523267964,0.669014725457,0.0667313105846,0.70600964903,-0.324010548577,0.736193330991,-0.0951565781283,-0.586499590327
-0.0390769969775,-0.0743471932259,0.155145273069,0.984314699378,0.61573070061,0.0996894157088,-0.766545110344,0.152795021285,0.710805717755,0.350664816869,0.608353075266,-0.0411819575876,-0.337792723782,0.928207251353,-0.135074327191,0.0779891045506
0.268586228445,0.228154367695,-0.935625667332,0.020288741238,0.894447649787,-0.301358954017,0.189151997309,0.270864734764,0.159324440433,0.903767404153,0.272392945705,0.289175180472,-0.320063372414,-0.200830387456,-0.120947160669,0.917931575576
0.085798412581,0.0315743679401,-0.278597908697,0.956046493094,0.0817783733215,0.995817167228,0.0232829311966,-0.0334420726866,0.342605761434,-0.041473554614,0.908567501835,0.235385494689,0.931972221843,-0.0750411421199,-0.310396850813,-0.171611187593
-0.654433992097,0.441937743235,-0.090696242037,-0.60677950919,0.319738495441,0.0104755592829,0.827759568048,-0.460946477041,-0.376862805861,-0.892627833398,0.0195496965361,-0.246592347748,-0.572239346847,0.0882997440892,0.553358923802,0.598781418017
-0.0899327247005,0.838295361183,-0.0685020200247,0.533367102191,0.617053006519,-0.308871377121,0.348628197268,0.634273158514,-0.725077034317,-0.425260693249,-0.0705277600576,0.537068405461,0.292268688847,-0.14495758894,-0.932089957238,0.157399563357
-0.625818260189,0.308421127174,-0.180386422209,-0.693317136821,-0.59817481581,0.137228792906,-0.370268705517,0.697320753917,-0.495769367158,-0.64961108422,0.576319865296,0.00857826977726,0.0689284377691,-0.681212232692,-0.70584505188,-0.181608169514
-0.288427193797,0.276426100351,-0.779590309698,-0.482324904963,0.611801220147,0.127878392354,0.271739221447,-0.731781510646,0.692852741367,0.325105926662,-0.434716133782,0.474639966984,0.249928189057,-0.89528870442,-0.359748005667,-0.0810888924001
-0.215831883371,0.682228290443,-0.216551430735,-0.664143535455,0.52109740485,0.509215495482,-0.463050325657,0.504719198891,-0.601819134678,0.44987301833,0.394235951644,0.529155941992,0.565409428569,0.269960008631,0.763719770719,-0.155453799044
-0.973765705795,0.00326001871461,-0.190643157467,-0.124197057156,0.125998713628,-0.0984722541102,-0.00218096585792,-0.987128554304,-0.172424474328,0.336433252492,0.923993182116,-0.0576113415309,-0.0785778278776,-0.936538976266,0.33149212555,0.0826634235825
0.00745191219488,-0.261724157529,0.273385670538,0.925583712862,-0.128934790615,0.821518654548,0.550904761446,0.0706177301696,-0.818359359882,-0.369177459582,0.386150425351,-0.211857995914,0.560007363226,-0.346865346975,0.687496958511,-0.305653588623
0.091256227095,0.358115868366,-0.0299256846357,-0.928724813516,-0.866860528917,-0.419061001206,0.102044340067,-0.25005530055,0.426267763139,-0.805561738954,-0.320290185989,-0.258418798853,-0.241910972321,0.217281354068,-0.94133182397,0.0903454029068
-0.354134750418,0.261908911735,0.0626303623222,-0.895583462451,0.475824114982,0.777857077761,0.404912270062,0.0676448943539,-0.785835249806,0.435357053113,0.0137719089858,0.439018827604,-0.175051279089,-0.369873390277,0.912104065221,0.0248374528074
0.164084362164,-0.438291502197,0.276444072069,0.839378077039,-0.204393281579,0.567589223475,0.794019709338,0.0748235325551,0.163090644183,-0.626658280093,0.5405518205,-0.537126215264,0.951157794647,0.30502857651,0.0302507116404,-0.0366239216747
