0.722460780293,0.323177871464,0.152395888681,-0.591930720141,-0.430441375586,-0.0211859897683,-0.584564513861,-0.687426872588,0.410134311889,0.203557456289,-0.789654712309,0.408411120722,-0.352931281319,0.923943493522,0.107262563723,0.10130485609
0.592909853149,0.48857844372,-0.437899966099,-0.466896808793,-0.0336752285618,-0.00185753774711,-0.750898541268,0.65955584241,-0.104014465762,-0.741503441157,-0.433746751788,-0.50121591453,-0.797812556891,0.459848127797,-0.237189282485,-0.309477087526
0.651004780779,0.328987472901,-0.527127718876,-0.436000442741,-0.138438826895,-0.230055064822,0.40742522952,-0.87287687603,0.60721950902,0.228650547056,0.737425964693,0.187633530565,-0.433949230298,0.886882651288,0.111103541526,-0.113062953391
0.642559028694,0.389222660188,-0.522503794583,-0.403253518381,-0.225894024937,-0.364333256014,0.139681748886,-0.892592951511,0.231102415254,0.534119898997,0.79897740513,-0.151468522309,-0.694752803381,0.656111981946,-0.262895225834,-0.133122911533
0.644970165208,0.400081590262,-0.506145353706,-0.409591367154,0.392117984224,0.0643135513487,-0.177999297611,0.900235249038,0.584150352661,-0.0180353629193,0.806007287131,-0.0937834967487,-0.298371141241,0.914042238592,0.249970766419,0.11408796641
0.66317521641,0.369645274737,-0.48613299764,-0.432707420562,-0.223005514346,-0.351891429451,0.214533967986,-0.883411647552,0.471372556798,-0.848172736531,-0.161741650655,0.179584409531,-0.536912549311,-0.141907722655,-0.831558490805,-0.00987871517802
0.632998745341,0.406786880626,-0.522454210325,-0.40109677169,-0.0776295718594,-0.387248655605,0.276926994105,-0.875970072686,-0.768034667177,0.428225437426,-0.405598550499,-0.249470520478,0.0583865394047,0.70794483346,0.697024285002,-0.0977868647161
0.633925135723,0.423302574509,-0.542958872789,-0.352348570554,-0.195128864608,-0.281175366263,0.154428745547,-0.926831647146,0.198379305646,0.604001760671,0.765726668533,-0.0974176231224,0.72160189827,-0.613952129181,0.308237074516,0.0856935784133
0.699185141098,0.450417793832,-0.342027220118,-0.437357211173,-0.681561979581,0.22100012208,-0.544274340419,-0.436345799099,0.124251171049,-0.774314799911,0.0269723588046,-0.619895740421,0.176564585777,-0.385641475568,-0.765542497135,0.483787437261
-0.349924544456,-0.548043786203,-0.691993737363,0.313600843498,-0.335103639511,-0.676050273243,0.528670455736,-0.388804742854,-0.262473114163,0.0308783027634,0.485836247414,0.833137164852,0.834485607015,-0.491579664826,0.0749356883,0.237419138726
0.609076262897,0.537829107506,0.578225617679,-0.0736280663574,-0.1614873181,0.0997865138695,-0.0475840772328,-0.980663170174,-0.132917678651,-0.655265431735,0.739225627093,-0.0806571566837,-0.765036497672,0.520969976815,0.341959592499,0.162397898951
0.451390235788,0.531231055948,-0.204855388363,-0.687076917157,-0.402434804708,-0.166617955927,-0.891077865257,-0.127534006333,0.0306498758214,0.720557421237,-0.241499457322,0.64925772997,-0.795835201601,0.413314679946,0.32510386036,-0.300207906646
0.634134695266,0.489785296368,0.548526456462,-0.238960830018,-0.128817977874,-0.189942607384,0.638535547967,0.7345747671,0.331874383789,0.464679150267,-0.522881497795,0.632872514773,-0.686395301718,0.712815163046,0.134111967431,-0.0526309158456
0.618962582757,0.659516341368,-0.0718961828871,-0.420421759073,-0.0979935336143,-0.0656800371756,-0.989948255318,-0.0780118701219,-0.431896294285,-0.143657959111,0.121792321606,-0.882040028663,0.648651046018,-0.734905925251,0.000145180973637,-0.197901693912
0.652543143483,0.406320909071,-0.438721668101,-0.465418158954,-0.0228868546429,-0.312274889571,0.51988929849,-0.794780285704,0.4648889716,0.394997762811,0.729740999936,0.308760561717,-0.597948059502,0.762472609062,0.0686766937701,-0.237438729573
0.654056894563,0.402602946382,-0.460781381825,-0.444748203373,-0.0741016094862,0.014370176347,-0.738901712809,0.669572033698,0.108255384535,0.787473469327,0.409878654958,0.447398921584,0.744982752731,-0.466465326366,0.271485294594,0.392054246567
0.640998931481,0.431775850631,-0.438331788987,-0.458862972372,-0.28813214099,-0.307854883543,-0.892464550093,0.160350450064,0.293321234042,0.402632771032,-0.0784334225791,0.863537899327,0.648122590895,-0.746111142647,0.0722528048838,0.13429371607
0.6345511729,0.393662086244,-0.520952762239,-0.413501137048,-0.159454789104,-0.140642506912,-0.77395377568,0.596480853499,0.335823140759,0.587477901892,0.330941033741,0.657700969367,-0.677600027548,0.692906604018,-0.141710284778,-0.201635403545
0.680523384814,0.352046179132,-0.518490085531,-0.379630664839,0.109262167815,0.13266012318,-0.419233990149,0.891462804556,-0.664579864576,-0.019944345484,-0.704903301844,-0.247077238396,-0.288588469981,0.926319060886,0.241913678322,0.0112900254487
0.65188111207,0.389223880287,-0.551222149423,-0.34599122637,-0.360197838165,-0.236197819721,-0.0265323163175,-0.902088766991,0.00675236967836,-0.736496380305,-0.643288114063,0.209064319307,-0.667280254924,0.50028835962,-0.530688779306,0.151056407135
0.700922176663,0.417697308906,-0.45970512502,-0.350582741196,-0.129851869422,-0.0993687336345,-0.764140672658,0.623981874074,0.225069777977,0.609281726763,0.40697471757,0.642254584829,0.664221491154,-0.666656276009,0.197817617211,0.274312614855
0.672166198549,0.418462081974,-0.479999809634,-0.37773306743,-0.299426526943,-0.0509270450437,0.258046137219,-0.917149051198,0.0213693514145,0.779850921774,0.61352189226,0.122338785122,0.676815859235,-0.46274016666,0.571492136023,-0.0344756336025
0.559580076149,0.533537667523,0.514245888528,-0.371158809466,0.0197117337546,0.234757278434,-0.728935366577,-0.642770331555,-0.741908630288,0.00469032203608,0.432916554699,-0.511989103254,-0.368853860267,0.812529740032,-0.129567180074,0.432382466316
0.666595075479,0.417658318401,-0.425613797649,-0.447286742112,-0.43038836854,-0.225367866707,0.0230182063289,-0.873753591729,0.13337683558,-0.74785075802,-0.640906553646,0.110311617494,0.593824449904,-0.464209109622,0.638405707151,-0.155950563698
0.712513642231,0.341220703425,-0.263082050671,-0.553787482528,-0.0535857746164,-0.843881442472,-0.187488965774,-0.499840538095,0.379674676441,-0.190452566286,0.903441335121,-0.0580406242136,0.587622339997,-0.367641622509,-0.281832354997,0.663407979009
0.685263353937,0.39177482312,-0.428725591183,-0.439455334688,-0.264246619972,-0.206500800706,-0.899180742628,0.281078521465,0.353279286916,0.400972612918,0.0674659757547,0.842533709261,-0.57946665566,0.801929467576,-0.0558274275615,-0.134204405081
0.962641208336,0.0827070058829,0.151236939162,-0.208827305267,-0.162410274747,0.329499758373,-0.341166691347,-0.865250310953,0.12358201763,-0.834884744111,-0.51868157492,-0.136617615291,-0.177967108167,-0.43307842761,0.769221750074,-0.434820288353
0.889801023988,0.303108604509,0.190645696946,-0.282901979171,-0.20013137683,-0.0499126035973,-0.345211579465,-0.915579122421,0.20021376097,0.246340582643,-0.904769128657,0.283942936327,-0.357932982046,0.919211740144,0.160860210954,-0.0325230637806
0.901066634529,0.352719812218,0.00056864982953,-0.252323861029,-0.145275751359,-0.277512852838,0.284429448317,-0.906080273213,0.0182039539658,0.135154562407,0.956983416076,0.256094907555,0.408218681917,-0.88335077678,0.0572914210165,0.223084302391
0.870954194803,0.392871675257,0.085853687775,-0.282346917164,-0.190872607452,-0.172298945583,-0.298219568601,-0.919209339584,0.0158129570505,-0.388973809631,0.894326664416,-0.220520164892,0.452500153226,-0.815269461928,-0.322294974383,0.163417457038
0.869328512018,0.462685895019,0.032902326162,-0.170608140707,-0.260584873936,0.171018009518,-0.259523485955,-0.914054661458,0.154890918947,-0.4786788453,0.786965269205,-0.357156872192,-0.390348901492,0.726320291629,0.558793935396,0.088520657681
0.845486113418,0.398004564062,-0.0150406199452,-0.35569562656,0.377726326362,-0.00625999753131,0.292500724273,0.878479915026,-0.119164185669,0.507794781728,-0.791553500633,0.318413900669,0.358156322356,-0.764001072687,-0.536339595487,0.019137607033
0.837509625848,0.49024293634,0.023985121832,-0.240133720896,-0.137991405245,0.0566861181914,-0.878776783395,-0.45331713077,0.306075650315,-0.0987849419852,-0.476515684969,0.818224928427,-0.431107521361,0.864112309026,-0.0104345999339,0.259513663493
0.848675807712,0.425553024751,0.21274048622,-0.231074624424,0.392487295088,-0.109111818061,-0.593900513246,0.693779874831,-0.166940223086,0.448538689937,-0.741692921384,-0.4699315013,0.312784364242,-0.778339436181,-0.227849240195,-0.494407106859
0.865529913874,0.417172651414,0.0252669786358,-0.276019069797,-0.292472593749,-0.0203680222221,-0.0649147476734,-0.953850617818,0.071394395226,-0.0567696357223,-0.994720778573,0.0470172464743,0.400275643058,-0.906823759637,0.075354017815,-0.108498159115
0.838077137195,0.458861695866,-0.0310399616457,-0.293443652101,-0.283329884186,0.0844226801198,0.602971345064,-0.740960555522,0.22694494029,-0.0019449221136,0.796169637843,0.56089760129,-0.407243026846,0.884485710696,-0.0396986849939,0.224192236861
0.847152398919,0.442519162719,-0.0236824753689,-0.293170162181,-0.167609752939,0.29282311307,-0.940759556965,0.0336608251619,0.254527868945,0.14737525034,0.034699960781,0.955139786753,-0.435264686893,0.834692728293,0.336461749774,-0.0250238409707
0.96329586671,0.129134284634,-0.0220627567249,-0.234304597645,0.253349049049,-0.194213379441,-0.0919216298489,0.943210388279,-0.0328001318005,0.756564462337,0.613346654393,0.224366323738,-0.0824589830139,0.610913835256,-0.784136168198,0.0715211279038
0.836478487388,0.474289332822,0.0288204354449,-0.272988555455,-0.200425377123,0.00500193816419,-0.705355429735,-0.679910557767,0.308905657501,-0.138942039873,-0.697480477644,0.631500900733,0.405845664147,-0.869321412909,0.123142533476,-0.253782376064
0.803034447256,0.499712422468,-0.0997587191123,-0.308984415972,-0.363561260284,-0.00698886128376,-0.0897170458891,-0.927213684927,0.131320648204,-0.106077996769,0.974920627463,-0.145024536216,0.453556803385,-0.859643012681,-0.17756356548,-0.154179431399
0.853364131722,0.397029860223,-0.0827786332576,-0.327543350808,-0.295565051244,-0.118519961262,-0.544179905814,-0.776184610369,0.0204101042186,0.223770906374,-0.817090153988,0.530917780228,0.428945668844,-0.882183025418,-0.171404808101,0.0915375038168
0.856984210914,0.426360601912,-0.0439495559973,-0.286117346398,-0.287469010381,-0.0662214317741,-0.257398741223,-0.920175080113,0.00508504499772,-0.0883134708339,0.960483176225,-0.263907069583,-0.427684197314,0.897792899271,0.096365931395,0.0420445555738
0.767154605504,0.454316708302,-0.14312316339,-0.429634612098,-0.2634807947,-0.121734585061,-0.910007004531,-0.296050356069,0.234962209478,0.284384169187,-0.381771599321,0.847448435236,0.535578605057,-0.835405688079,-0.0751894790306,0.0979767134262
0.773263375027,0.476509513918,-0.147517258148,-0.391460208113,-0.196745645547,-0.242142706819,-0.883013561457,-0.350635295963,0.346415917636,0.00235572143023,-0.412404429618,0.842563379821,0.493306107613,-0.845162731819,0.168666224427,-0.117901423541
0.732640890881,0.432093239968,-0.224167930491,-0.475690546388,-0.176135842954,0.0532495213004,-0.956188626577,0.227692695784,0.111891885827,0.678746475113,0.184350749404,0.701995890018,0.647837707858,-0.59140776371,-0.0382994848359,0.478619170909
0.964100329635,0.145249064029,0.212811542402,-0.0642223576109,-0.0731749341121,0.28648138457,0.398043026289,0.868409807945,0.173056571801,0.289568790471,-0.883811450912,0.324158383785,-0.187636367402,0.901654613075,0.12308661942,-0.369677205774
0.923838501312,0.254913617113,0.279177595879,-0.0600111761542,-0.0487636745724,-0.191308591172,0.515311451077,0.833952777665,0.294471563598,-0.0616664775319,-0.809905396518,0.503524569879,-0.239647711796,0.945842120178,-0.0238165286987,0.217679651987
0.935078801201,0.160579198171,0.264797252423,-0.172407574566,0.13520386128,-0.0108114031414,0.165160427049,0.976895625333,-0.323478717325,0.30883642619,0.888577092483,-0.102040835012,-0.0520487355909,0.93739932608,-0.336207077796,0.0744193081696
0.924759843429,0.23723402462,0.187464838009,-0.231076143413,-0.20817465513,0.767206027233,-0.448096214704,-0.408984115959,0.185548516543,-0.568947552024,-0.692313834398,-0.40320216487,-0.258948436859,-0.177238856875,0.533636834916,-0.785343124425
0.932931453074,0.308069665104,0.110596117077,-0.150001613975,-0.00334734841631,0.429016150275,0.0559751309107,0.901554614419,0.351339264569,-0.709484930429,-0.486749848414,0.369142844621,0.0786665131775,-0.466550487878,0.864702184961,0.168618958867
0.901827155829,0.289520597239,0.289607245181,-0.137888535865,-0.233314056012,0.302191514525,-0.0155646267266,-0.924122601288,0.345936410896,-0.727406148271,-0.500865899043,-0.316767495571,0.112251199965,0.54381835918,-0.815486809893,0.163225375526
0.933276417306,0.309868646092,0.0511168155701,-0.174251606122,0.201335037093,-0.0971868146717,-0.668364158627,0.709442229752,0.265407166588,-0.930664916574,-0.0472831191967,-0.24735835466,-0.134232513437,0.168519904701,-0.740567842447,-0.636507615657
-0.273439506309,-0.303567077509,0.81387623885,0.413138395308,-0.922912191274,0.231669713032,-0.283785040316,0.118441049281,-0.224204843108,0.0437082503005,0.393097398765,-0.890671775833,0.152302698317,0.923182410129,0.320227971627,0.148297578879
-0.442405224065,-0.148644968672,0.73062234745,0.498370621541,0.787081194784,0.306491353083,0.200329715797,0.496421442196,-0.0279881276912,0.656697115999,0.500805383459,-0.563169184567,-0.428949268849,0.672842196665,-0.418632247055,0.433627656944
-0.211659488569,-0.5099661374,0.60383847077,0.574903383902,-0.728865749086,0.486592880772,0.404457587881,-0.261526571875,0.349876146375,0.709334098675,0.159169431769,0.590844235518,0.549128093349,-0.00265396769861,0.668175315926,-0.50198908428
-0.377847389915,-0.522291054261,0.532945963575,0.548098535377,0.23913209421,-0.79592962025,-0.553380105005,-0.055518830259,-0.66670490234,-0.198159458929,0.0686651994563,-0.715208006399,-0.59628161522,0.233325787441,-0.636415076564,0.430096689813
-0.306378802544,-0.588346993799,0.552434466752,0.50477322055,-0.706530760916,0.588951258007,0.365582842769,-0.142477663668,0.559100224336,0.522741840747,0.4262836002,0.482110152641,0.30716974522,-0.183644217205,0.61599321199,-0.701764855127
0.291039142242,0.574955013297,-0.566490162322,-0.513626173749,-0.612617819117,0.206769902665,0.452180503186,-0.614392714467,0.732030794226,-0.124157075968,0.569640545907,-0.352456501218,-0.064238163796,-0.781829879529,-0.387467852847,-0.48423564594
-0.288159960402,-0.577455616361,0.544629785215,0.535618563356,-0.830594906119,0.258727180963,0.251822493502,-0.423978513049,0.420290469432,0.451519800339,0.782690266601,-0.0829562401214,0.22457039087,-0.629074818178,0.165407906076,-0.725584755412
-0.276682893135,-0.571757392621,0.549433275679,0.542828827723,-0.677493076809,0.46093355935,0.466934072457,-0.332439403077,-0.670050320695,-0.105455198507,-0.691806438097,0.24761991247,0.124427791344,0.670457261096,0.0387233748817,0.730414461811
-0.342898788395,-0.56953222618,0.504161499275,0.551248262499,0.462878811634,-0.171103925143,-0.583592164065,0.644892889233,-0.441230592315,-0.589470030153,-0.573657145861,-0.358828826823,-0.688098242305,0.546700625291,-0.275968925233,0.389204814396
-0.378908713407,-0.336788859205,0.688038941558,0.51923392235,-0.912697252254,0.26837314317,-0.185654937479,-0.245950860829,0.0786769878793,0.802509981771,-0.0101113967072,0.591342050249,-0.131232024333,-0.412948967184,-0.701450225423,0.56587886296
-0.419413298617,-0.180580008516,0.723526492384,0.51768017181,0.0338270447804,0.871952147656,-0.104186593274,0.477179564757,0.298306288629,-0.453712370327,-0.44834278692,0.710033230626,-0.856715573658,-0.0351482252015,-0.514434946341,0.0126378044033
-0.270323301127,-0.227690439219,0.842645390726,0.40624022726,-0.895845898467,0.341314485579,-0.0611956416956,-0.277884223322,0.236364886181,0.0236249504198,0.48731728666,-0.840294808041,0.261757673523,0.911648697438,0.22073898851,0.227274881505
-0.447843740477,-0.337896783399,0.684916790958,0.464920140828,-0.239471949467,-0.596461970282,0.0671730495521,-0.763134381902,-0.857349350617,0.402483646673,-0.312447498133,-0.0730449592249,0.0839122192029,0.606684263795,0.654792586845,-0.442876519748
-0.245671364821,-0.280779153593,0.610052953011,0.699030787546,-0.940383214852,-0.148216280938,-0.12858961045,-0.27780578715,0.228586423046,-0.940628527958,-0.0623679968086,-0.243056480197,-0.0554367831952,-0.120054043516,-0.779365344098,0.612456896543
-0.450491677817,-0.331074337539,0.541963188781,0.627473452225,0.13696773377,-0.933234886568,-0.0842990038729,-0.321257162324,-0.814735245218,-0.0303793646625,-0.568505227873,-0.10993352666,-0.338383758954,0.136159919648,0.613165055947,-0.700703590774
-0.393056997179,-0.348978443325,0.584034541808,0.618566000551,-0.344118645162,0.874591148664,-0.0642998852756,0.335467145165,0.599470796284,-0.0615298641025,-0.377809969136,0.702928493837,0.606401945431,0.330935710671,0.715561881287,-0.10358296206
-0.348445873314,-0.418285939885,0.584064208036,0.602072542768,-0.517749237036,0.788903397457,0.324325324854,-0.0661833867994,0.657068839857,0.444740128728,0.0899729648406,0.601973108357,0.422825898696,-0.0698177618788,0.738638578838,-0.520342953609
-0.349376825365,-0.515708770783,0.534638675567,0.571088245566,-0.602505229465,-0.461471719041,-0.166373291495,-0.629564316707,-0.68905645289,0.707147690823,0.113003149958,0.111236847288,-0.200310975975,-0.14501882508,-0.82079942895,0.51491101242
-0.220041424673,0.0210404709453,0.688294535103,0.690933935307,-0.177673512101,0.979206320278,-0.097341849662,0.0105673899132,0.927981921329,0.19981015087,0.313679737893,-0.023032136917,-0.242617905795,0.0280746241119,0.646823174668,-0.72247363134
-0.385876945694,-0.451481910568,0.565746102126,0.572009104072,0.00506678631774,-0.153057455466,-0.758782314835,0.633085414219,-0.722272259633,-0.387033368999,-0.32224221669,-0.474012561045,0.573930390747,-0.78926717342,-0.0184580715557,-0.217532836908
-0.370462854636,-0.492805392064,0.580950214976,0.531410356135,0.411205900889,0.320834245574,-0.219752129359,0.824429557684,-0.51198316175,-0.33204671957,-0.771766822473,0.178869197562,-0.656917211293,0.737531835545,0.136315153565,0.0769723844855
-0.400418273619,-0.414170917646,0.601572880385,0.553387501407,0.297719272526,0.784806989234,0.404435229478,0.363143731287,0.724295638487,-0.381882881836,-0.25427670675,0.514688885672,0.475840591992,-0.258274863636,0.640223063586,-0.54496261769
0.412555686058,0.383828167913,-0.562916352184,-0.604647768425,-0.393116355312,-0.728979189931,-0.242501988234,-0.505214466872,0.820584699512,-0.549568203303,0.125417008848,0.0942661908501,0.0435670519436,0.138708572492,0.780120849637,-0.608500865952
0.151652314923,-0.0359085160291,-0.795522430982,-0.585539252024,0.904101272916,-0.122652124786,-0.111922183409,0.393739469012,-0.217821523765,0.635995712114,-0.483114463071,0.560948886735,0.33489736857,0.761036457034,0.348163614179,-0.432954225469
-0.326239396966,0.0701414318715,0.675636729893,0.657391089551,0.296326619188,0.51280106713,0.606253351172,-0.530737670138,-0.33622521891,0.835923928244,-0.403677319095,0.158834537827,-0.832292612484,-0.182610052503,0.114089900779,-0.510809230994
-0.260337068983,0.0194702740779,0.605865385976,0.751513574739,-0.873020379166,-0.198374029239,0.151102637728,-0.419107569671,0.209381993156,0.560713314209,0.651015912552,-0.466838346556,-0.355273428525,0.803659898352,-0.431594032109,0.204054282513
-0.382747514195,-0.0300272834076,0.677891058265,0.626950090321,-0.541695734899,-0.112119305832,-0.711527727109,0.43327045319,0.662248243468,-0.545827264359,-0.113301468821,0.50066220016,0.348564678638,0.829819390587,-0.146132761017,0.410545563817
-0.402776759787,-0.103772026388,0.628457497023,0.657300100982,0.320855891539,0.865426008761,-0.0504718197496,0.381499561778,-0.3953915231,-0.110598050997,-0.774680472203,0.480940516657,0.760583934948,-0.477532471163,-0.0486203232586,0.437162305157
-0.387315537543,-0.244796212028,0.629412034112,0.627616108995,0.0315457606847,0.907480571329,-0.0431352823499,0.416681203151,0.664521883789,-0.314145502401,-0.313002163606,0.601458988515,-0.638280663444,-0.133665367833,-0.709936253695,0.265935856562
-0.21850094156,0.152427076261,0.67219250493,0.690782571636,0.419564236073,0.533405907683,0.533828737156,-0.504451056935,-0.549325190922,-0.493328804727,0.449771853293,-0.50256721444,0.688814216581,-0.66997821942,0.246757767229,0.125597630753
-0.322590956553,-0.329462629483,0.65045847228,0.603567085222,-0.134208855743,-0.800343311412,0.0667170023411,-0.580506165787,0.867039342088,-0.380108676134,-0.0567473322155,0.317080295645,-0.355198306672,-0.326224392067,-0.75447488873,0.445173506887
-0.428844311341,-0.333397207002,0.56763513399,0.618651124346,-0.286180753237,0.924680621899,0.237289487981,0.0822193581522,0.840556255672,0.161954842385,0.220648216492,0.467493502241,0.166307889644,-0.0870785787447,0.756834472069,-0.626067559337
-0.406901353511,-0.442763359916,0.527290187416,0.600297387868,0.00022856553892,0.844097272145,0.505542805113,0.178679084153,-0.899609971603,0.154684121314,-0.119888918281,-0.390386179159,-0.158534334643,0.259871554591,-0.672322971292,0.674770673731
-0.354355466101,-0.478487270813,0.570361341105,0.565835732246,-0.87391661898,0.278120055029,0.0781756821264,-0.390906051098,-0.300859657458,0.143163830634,-0.696876064167,0.635099468826,0.142075378686,0.820489661275,0.427715155784,0.351668946631
-0.390190583094,-0.51491121096,0.488142487352,0.586800362759,-0.870746445912,0.155120785067,-0.463044423984,-0.05768908379,0.257504315134,0.225310960724,-0.507292505102,0.790936668092,-0.152458071231,0.812427817006,0.538480350363,0.163574114532
-0.407828762501,-0.424276702894,0.550018477929,0.592574597662,0.69729756553,0.410296237614,0.272483296247,0.520755178343,0.583904084092,-0.742571569705,0.165410134308,-0.283342499309,0.0806710986841,-0.316597126719,-0.771927467234,0.545331475819
-0.398312440995,-0.396249233919,0.552389227719,0.615792079413,-0.4794235344,-0.673911899978,-0.297228628178,-0.477127832266,0.765200429398,-0.580577436751,0.256195611403,-0.108452531009,0.16114768649,-0.227506341939,-0.735448905356,0.617565539135
-0.341472316537,0.0762388119859,0.539662587299,0.765734022004,0.853190411102,-0.0691097538835,0.516472850962,0.0233614755586,-0.0933493388342,-0.994481252951,0.0191512775403,0.0438881195494,0.383077903801,-0.0204578345613,-0.664570022388,0.641232782979
-0.343015897428,-0.0964499838669,0.688972561178,0.631153154684,-0.837099955038,-0.409257867175,-0.191624755454,-0.308304421844,0.417041012672,-0.906850788617,0.035340848173,0.0494920739641,-0.0876387650358,-0.0287584066539,-0.698102992037,0.710031417205
-0.300147694895,-0.432608353905,0.612052801129,0.590044694927,0.207299234551,0.594479792718,0.742462540456,-0.228845317683,0.152123202834,0.56818483514,-0.261539747681,0.765259096424,0.918584193073,-0.369607604493,0.0757476404488,0.117709786782
0.171076844059,0.516696482009,-0.631109856841,-0.552682374881,-0.479337246777,0.717798232069,0.502394903518,-0.0509986549852,0.697966835968,0.451507187077,0.0767271765767,0.550542002286,-0.503796400511,0.118032637586,-0.58601420622,0.623574240492
-0.172867259585,-0.325902267302,0.6369896978,0.676866861079,0.18242559763,0.913889120017,0.299032270543,0.205200581914,-0.378060052056,0.0218258064363,0.629507064299,-0.678465243922,0.891015380862,-0.241076798251,0.32946119964,-0.198567082731
-0.211959467402,-0.314694494602,0.645833701558,0.662525010228,-0.150429499055,-0.915200462711,-0.139472645928,-0.346881045757,0.874240472609,-0.24950200085,-0.20598080547,0.361972727429,-0.41005822275,-0.0335296837533,-0.721815848225,0.556515853785
-0.113178680307,-0.317857264518,0.678717673155,0.652303354172,0.145393543426,0.928983674962,0.184274511121,0.28616944934,0.85359620145,-0.188469662619,-0.307325863914,0.376036599962,-0.487262587035,0.0208633007782,-0.641042929972,0.592624548842
-0.208242621022,-0.503978546657,0.575750325925,0.609222617355,0.026338188146,0.816130201312,0.554663617096,0.159956451017,-0.946579399478,0.0622560844115,0.0437158899967,-0.313369656157,0.244803494909,-0.275792129999,0.599123322055,-0.710676575441
-0.140089131078,-0.273649611465,0.640105139251,0.704099663544,-0.36045139044,-0.881010348834,-0.205491718822,-0.227307531494,0.76004209201,-0.318562804746,-0.405215482134,0.395795617515,-0.52228904723,0.217840296608,-0.619547397088,0.543986010003
-0.152493751577,-0.182083918036,0.680615468482,0.693075527331,0.95883442701,0.0729915521518,-0.041826621959,0.271218193692,0.195412460606,-0.848597730389,0.248639143032,-0.42411606757,-0.138550234751,-0.491324304391,-0.687889303821,0.515957911126
-0.13872870092,-0.130595012293,0.688156197126,0.700100234725,-0.637245807555,-0.712473716184,-0.292406293483,0.0282408220792,0.299023252576,-0.517377738766,0.552884843092,-0.580709669394,0.696604064525,-0.455682369574,-0.367774330491,0.41453395178
-0.257434107065,-0.0625364089795,0.672964229741,0.690605548457,-0.560202963251,-0.802712489216,-0.165264582733,-0.120469570077,-0.760254747518,0.582159097781,-0.284494209167,0.0465461995939,0.204726743148,-0.113281252106,-0.662472496133,0.711606991554
-0.277760407958,-0.443943633248,0.579711869647,0.624257442455,-0.392027324247,-0.731377665678,-0.178629011983,-0.528670940443,0.736456362943,-0.513308348694,-0.340877153489,0.279194073846,-0.476230782599,0.0671959805903,-0.718212079053,0.502852216262
-0.200482858661,-0.450170465019,0.551397816402,0.673137150865,-0.665834973643,0.71112430062,0.19039898189,0.121302286198,0.484141413895,0.422266419168,-0.325942130097,0.693584811269,-0.531109689809,-0.336659847227,-0.743955915086,0.226080165129
-0.218112949617,-0.471412971283,0.640027649398,0.566181207496,0.765067010312,-0.410086864129,0.305138498906,-0.391652562978,-0.355469841479,-0.770186660821,-0.46621976109,-0.251182868963,-0.490653037024,0.128105744866,0.52905031789,-0.680407434212
-0.263027198477,-0.00596076382495,0.87072790055,0.415468513079,-0.680874916787,0.640646593718,-0.0326501268405,-0.353433528213,-0.673539296262,-0.699901277929,-0.232269983808,0.050335595419,-0.116494021059,0.315712863858,-0.432223954731,0.83662236619
-0.414509583855,-0.409119056637,0.636959714451,0.505060119743,0.139684990965,-0.829071306095,-0.0124240259939,-0.541271204007,-0.664987113619,0.297612390095,0.260686451843,-0.633452111693,0.605361088039,0.238095006602,0.725376136615,-0.225118149755
-0.458120084108,-0.333190292542,0.690220085588,0.450229331501,0.245071544239,-0.907580162273,-0.330377025476,0.084197436361,-0.155309205567,0.223222873229,-0.522469551223,0.808131281153,-0.840205318602,-0.124314226343,-0.376128731332,-0.370308213774
-0.196455292688,-0.411037082592,0.752484978523,0.475626105051,0.532732012455,-0.806361712117,-0.197830071258,-0.163831178486,-0.429022078537,-0.251118207163,-0.62777683947,0.598979083094,-0.702525428015,-0.343174812593,0.0229316337884,-0.623027456189
-0.392517482834,-0.438504815545,0.643253284204,0.48976398885,0.481131751473,-0.82861094791,-0.057855488683,-0.28030140413,-0.227663068861,0.101573664754,0.541585317004,-0.802831029614,0.750074523278,0.332866661557,0.538110861436,0.192418023994
-0.215458633096,-0.579799253332,0.68845336817,0.378737855404,0.543608441036,-0.723342493491,-0.424983950407,-0.0255761967549,-0.64141293243,-0.15331600499,-0.587705129473,0.46870708712,-0.49664563863,-0.342202667377,-0.00482519872621,-0.797632221972
-0.320447799115,-0.531567127273,0.65358403125,0.43310219503,0.590525407647,-0.742887493752,-0.315273026165,0.000912975392723,0.695588192602,0.27664763876,0.650635687496,-0.127657167593,0.25446024695,0.298363276559,-0.223839306703,0.892258540277
0.192178075483,0.682553085851,-0.643786818155,-0.287623721325,-0.574364592254,0.639667464527,0.51073527202,-0.00896280673732,-0.795600432054,-0.293482256363,-0.527961808871,-0.0463081643859,0.0138872237568,0.197015189823,-0.214346315708,0.956581317473
0.0672727056629,0.79630873659,-0.601095292555,-0.00715739975406,-0.632588479207,0.49426728748,0.582471340051,0.127510009492,-0.108403772599,0.0458222951236,0.0603741028991,-0.991213350927,0.763907599866,0.345676961666,0.543844237798,-0.0344392516324
-0.165761448817,0.466262591349,0.819055598533,0.290293411061,0.294813463514,0.86399246336,-0.375317862636,-0.160432375084,-0.883895454831,0.185273682861,-0.364703237632,0.226702527177,0.323012366243,-0.0423069923906,-0.235108436595,0.915749503244
-0.469402841665,-0.354889304394,0.625267740216,0.512596144063,0.762532745477,-0.515205410673,0.374089954611,-0.114734052261,-0.395165840691,-0.723737240504,-0.331790774105,-0.458217467234,0.20505790076,-0.291241091105,-0.599175968412,0.717020252898
-0.450709647124,-0.338416496685,0.647298788938,0.513166022454,-0.815647276943,0.521958478225,-0.122815111121,-0.217244827566,-0.329275585719,-0.773434921932,-0.25464588764,-0.478049664882,-0.152177272462,-0.121786876618,-0.707867359205,0.678921082455
-0.545279911781,-0.250011830343,0.627538950347,0.496345412283,0.175882358921,0.669482094325,-0.140374509572,0.707922395648,-0.211359642209,0.685780919896,0.484931021556,-0.499873519888,-0.791872663547,0.137812698884,-0.59273245836,-0.0511231606966
-0.401424374602,-0.322931593303,0.693220119769,0.504003495097,0.70410648079,-0.556406709667,0.346804912283,-0.272712284219,-0.265093152529,-0.75644866106,-0.587335725187,0.112016916499,0.52231997441,0.117949915918,-0.232828186187,0.811825533834
-0.452509920803,-0.250545918243,0.689809383559,0.506581216372,0.3247734972,-0.920711428355,-0.193073698708,0.0976482876428,-0.448040557902,0.0468605227507,-0.691551698765,0.564641477238,-0.699297222621,-0.295501776569,-0.0929613315121,-0.644220680607
-0.367118580424,-0.317925899546,0.655869262883,0.577912260046,0.653782920931,-0.363811635327,-0.321703780488,0.58027206026,-0.205698530333,-0.870672275917,-0.174940017145,-0.411112992947,-0.628871970138,0.0921629228498,-0.660104672023,0.4003596668
-0.367197888999,-0.314440982829,0.713953727485,0.506520141398,0.295091987728,-0.879226645257,0.0290787535073,-0.372874846488,-0.329307130669,0.23452983537,0.484359494813,-0.775853368747,0.818317324015,0.270338918599,0.504797366167,0.0495302475081
-0.349723064847,-0.388928638449,0.689450606709,0.501084975844,0.283502376955,-0.911034980886,-0.242967997739,-0.174952044682,-0.169450790446,-0.0272230569558,0.510891854094,-0.842338915288,0.876702121471,0.134196434255,0.45234270902,0.0936524470415
-0.283613417483,-0.497746306157,0.626517380294,0.528477072654,0.403704542458,-0.825844878161,-0.17650285972,-0.351922747382,-0.366122710054,0.0396372224015,0.517353523901,-0.772481962955,-0.789012188122,-0.262026224877,-0.555579016889,-0.0115749930628
-0.315358934455,-0.504591857542,0.61819378376,0.513587622011,0.381790087339,-0.84281180752,-0.293434018313,-0.240418516781,-0.0964930076266,-0.0231714273221,0.594678098464,-0.797815858229,0.86340846136,0.185791279029,0.422008153742,0.204735311228
0.272877783214,0.68404078086,-0.627089947575,-0.2537402672,-0.54897592102,0.658356548275,0.509512046889,-0.0747634105588,0.0432892957356,-0.210529290243,0.177761682924,-0.960314656198,0.788853085462,0.233092864355,0.561744119514,0.0884424690641
0.0673959910588,0.804157871269,-0.569246065171,-0.1573112067,-0.549606650603,0.523322148613,0.637539700252,0.132701126549,0.301992147835,0.129365127771,-0.0422444042697,0.943546934005,0.776009698811,0.250457003425,0.517414203707,-0.259543404055
0.462786959805,0.343203763755,-0.643861336757,-0.503469944891,0.753306177792,-0.637483508531,0.10653804253,0.121631510492,-0.367980463227,-0.509065910413,-0.735165356574,0.254900325681,-0.288007657915,-0.465486682678,0.183368816916,-0.81654737414
0.294198434687,0.75787557755,-0.527838645047,-0.245882603648,0.812955309261,-0.505843014661,-0.286968012086,0.0295950959202,-0.194738278118,-0.30325806468,-0.112614845439,-0.925974862417,-0.463279558375,-0.278894244614,-0.791425057362,0.285020051386
-0.485687570554,-0.350910509682,0.636538283607,0.485580489216,0.298633417217,-0.892642099776,-0.00670911972887,-0.337584288054,0.702513137188,0.23361714916,0.672164792701,-0.0096338542949,-0.425911913438,0.15960865741,0.378111746271,-0.80632228408
-0.448533767556,-0.382203280811,0.639680960835,0.493504184222,0.109757378889,-0.832295540361,-0.0011373599371,-0.543356381841,-0.473112689612,0.3790784324,0.417130344025,-0.677101322633,0.750290050627,0.132303921797,0.645607660156,-0.0524524675896
0.17124484221,-0.4241887602,0.888919359954,0.0236953842672,-0.605703654588,-0.755439117641,-0.245102317095,0.0485765016333,0.769987841118,-0.499358093868,-0.383910176865,-0.101848881773,0.104484502996,-0.0041387613616,-0.0485819076712,0.993330588241
0.406275966079,0.241808448175,-0.658276278603,-0.585782258869,-0.150933739499,-0.521346889804,0.381281383974,-0.748358826371,0.270206013421,-0.816782830498,-0.406722515489,0.307296784085,-0.859736910908,-0.0509107325288,-0.505839542402,-0.0488558970599
0.445467551293,0.259061251083,-0.824836296284,-0.232574747693,-0.042911303252,0.823209926611,0.358836254145,-0.437859086343,0.781335340645,-0.320089111408,0.416478442933,-0.337051558057,-0.435008466879,-0.390839667477,-0.132012626729,-0.800365325619
-0.447518896071,-0.181088471237,0.80886023329,0.335676818154,0.128056444102,-0.708924500455,-0.338973786719,0.605082119795,-0.174496318823,-0.670343523709,0.0519179892012,-0.719371334803,0.867686244849,-0.123582274059,0.477646749509,-0.0608406502433
-0.424196449542,-0.238148723142,0.800579421915,0.349878760526,0.111044843289,-0.565631972592,-0.416634093487,0.702954868042,-0.223585628071,-0.753013458719,-0.0739475794607,-0.614420013834,0.870480259337,-0.237310741929,0.42428808237,-0.0769893046391
-0.172915097171,-0.0837928429404,0.863862164728,0.465640729527,0.192023915459,0.354759249011,0.489543205951,-0.773058950301,0.895919842111,0.267511466441,0.0142794908791,0.354346367239,0.361323707463,-0.891942963443,0.117837625569,-0.24494330444
-0.431103981768,-0.130695354013,0.891640081715,0.0452332402463,0.788055990144,0.329234410975,0.443102118231,-0.272457284445,0.439450469918,-0.719478612718,0.0800329234671,0.531816266667,-0.000630706346437,-0.59738928088,-0.0472568371851,-0.800557581088
-0.34099784202,-0.164187202625,0.921133308805,0.0909750605524,0.270555925303,0.673847798177,0.282190661644,-0.626974534296,-0.363600222363,0.719834926558,-0.0643479474812,0.58778558885,0.823598713767,0.0284497081383,0.260271395944,0.503124808812
0.203474182759,0.122482598763,-0.970806383038,0.0336338609556,-0.962039700125,0.0675337521843,-0.186626487636,0.187321546578,0.120108710987,-0.579497558967,-0.0200207824618,0.805826063717,-0.136571482673,-0.802882173465,-0.149347544453,-0.560735014618
-0.516760793729,-0.362460129814,0.638610981265,0.440178317239,0.531847765661,0.090651215192,0.748109227819,-0.386332621709,-0.0124155138931,-0.851941121764,-0.147347542243,-0.502325474027,-0.67077722922,0.366880548035,0.103910055598,-0.636128345995
-0.465818607463,-0.402650676926,0.641182364724,0.45800724064,0.0171836509128,-0.835169257185,-0.547474955171,0.0496810573076,0.884710246819,-0.19493251063,0.34713838691,0.242454193214,0.00235079916582,-0.319946965173,0.410671753303,-0.853801571947
-0.513806089523,-0.320472503758,0.633166053262,0.482080310426,0.492077360206,0.524399528556,0.693833172346,-0.0382169461849,-0.655288303086,0.745266986736,-0.102311364694,-0.0686057065769,-0.25389055473,-0.25861095736,0.327457879129,-0.872600307328
-0.505084843408,-0.353169556158,0.68612504818,0.386513885679,0.00888039578578,-0.617374399318,-0.598680692609,0.510246428635,0.0997791620071,-0.692427460043,0.114376858173,-0.705341240622,0.85723658249,-0.121096359349,0.397154605754,0.304547750807
-0.0566358056385,-0.499003145235,0.692228432533,0.518274100992,-0.898339299101,0.0895553395695,0.251995024723,-0.348518080391,0.380729811607,-0.310139219849,0.390568805909,-0.778661982323,-0.211716082911,-0.804232159585,-0.552063685239,-0.0601050843638
-0.123296922859,-0.458721562234,0.674290495352,0.565424376051,-0.0332625049942,0.789765632119,0.605979168034,-0.0891801547136,0.583934606886,0.310269944112,-0.269276271271,0.700173711583,0.801693114262,-0.26377516268,0.324979792475,-0.426730533921
0.234599638082,0.505466760465,-0.712640214768,-0.426157586079,-0.970182695127,0.125805225064,-0.137467449333,-0.154988011781,-0.0606304825123,0.0229646226948,-0.514853555577,0.854823015018,-0.00570021730493,-0.853316486139,-0.456259181803,-0.252281670017
0.19598259272,0.480724313612,-0.714061525498,-0.469692554184,-0.551195761799,-0.570015397967,-0.145896631858,-0.59159094911,0.763847587878,-0.620932021375,-0.159690687374,-0.0740214272432,0.272600289838,0.241722992731,0.66582970419,-0.651098980021
0.192969377151,0.393178211212,-0.668640858178,-0.600910239957,-0.474021839947,-0.760388920018,-0.261458079489,-0.35881981305,0.795659108082,-0.506713456299,-0.25704883011,0.209985608722,0.324025768205,-0.102279312416,0.646904146211,-0.68268680184
-0.232064877363,-0.471265688105,0.742050859334,0.416431346169,0.0379751674389,-0.416412077792,-0.623375201819,0.660728556886,0.129300669264,-0.777468447678,-0.113881033487,-0.604859702746,0.963319841112,0.00724193002236,0.218620653487,0.155458830685
0.0162843136247,0.434630184399,-0.715090027488,-0.547245535868,-0.389770962642,-0.616815895058,0.130000052731,-0.67135440311,0.617274606646,-0.624400987351,-0.461788821037,0.125883087627,-0.683217006376,-0.201886506258,-0.508426320761,0.483693122907
0.0653193936235,0.398920980514,-0.694397102967,-0.595321838599,-0.607153030689,-0.699373023702,-0.170464234528,-0.336429065019,0.781179218428,-0.58877611005,-0.186415712694,-0.0913832752232,-0.129836831592,-0.071288970096,-0.673798033685,0.723917460562
-0.147175740428,-0.440956401339,0.628178784854,0.623929617671,0.15602443102,0.682126731866,-0.173049534866,0.693118573609,-0.585628268834,0.550402468002,0.525832241183,-0.278562574822,-0.781687411372,-0.193177889544,-0.546759295188,0.229567783062
-0.280787159535,-0.514148404128,0.723163751384,0.365847206163,-0.847924945654,-0.171026058881,-0.494341647634,0.0860215620383,0.409323568644,-0.809603090422,-0.420637220927,0.00783457099471,-0.186107693905,-0.225708532615,0.236061120199,-0.926657829031
0.205678750524,0.487351278417,-0.748835728126,-0.399286908489,-0.746234897531,0.635369486002,0.127239399368,0.152476979288,0.341228519206,0.402618285132,0.648344093106,-0.548736322009,-0.533284939755,-0.443500692402,-0.0520108110395,-0.718476989474
-0.205913078141,-0.486312171611,0.713764818161,0.460043541797,-0.634523780097,-0.593631762776,-0.396993698262,-0.295595849523,0.604305901865,-0.541446144537,-0.441476214985,0.383078583504,0.4356532494,-0.343420841727,0.371529998115,-0.744468825577
-0.241359917874,-0.459923376463,0.707333802657,0.479473429342,-0.729564080896,0.639212280551,0.226576951945,-0.088356081324,0.63264318477,0.589176737,0.456731239818,0.209833143036,-0.0961469847439,0.18096662884,-0.489630831382,0.847507218572
0.616141677376,0.778479471008,-0.0951355031077,-0.0727212669586,-0.551638586396,0.509600953144,0.0981985142264,0.652961553506,0.203307139923,-0.0365345482373,0.976977854881,0.0533451470568,-0.524147412715,0.364611860145,0.163769835211,-0.752002075968
0.50182707935,0.821719106724,-0.217138625459,-0.160617898782,-0.781322812197,0.560880011631,0.145120515913,0.23213856111,-0.357704602352,-0.0866260667534,-0.7789842383,-0.507668098757,0.0987505090022,-0.0518386608189,-0.570065267908,0.813994275497
0.492082867409,0.815573003137,-0.18406300882,-0.242519972251,-0.441622115966,-0.060354795552,-0.380419750727,-0.810313531049,0.667163890353,-0.542005344799,-0.503571725072,-0.0868220440098,0.343098676334,-0.193463643657,0.75353642231,-0.526343972259
0.496667961223,0.84776545553,-0.181526126298,0.0407790899401,-0.383475513378,0.261241718902,-0.0280599498885,-0.885388013335,0.238095993559,0.0719099191449,0.962032613187,-0.112394450679,-0.74133512313,0.455933613856,0.201876585683,0.449213333644
0.453418419534,0.847306543391,-0.245146570608,0.128009832718,0.45973353877,-0.399839413551,-0.122576911247,0.783420970826,0.728605314592,-0.319484131709,-0.070823000223,-0.60170448542,0.228453727712,0.141880070777,0.959094449149,0.0884125410958
-0.466439908578,-0.859674158606,0.207154630032,0.0219342646762,0.0695940252873,0.0499761147907,0.262326219206,0.961168046864,-0.355715732378,-0.0156140152803,-0.894404243159,0.270672440572,0.806880908851,-0.508152468755,-0.29717497168,0.04910502659
0.167621982332,-0.0820601066899,0.250676468664,0.949910689479,0.430808499967,0.866212230065,-0.245053194959,0.0634770862778,0.109194920981,0.228408461681,0.935513792517,-0.246414260696,0.879990554851,-0.436774639841,-0.0438655184503,-0.181439669466
0.468462533663,0.836608341627,-0.231331347026,-0.164666770046,0.831872290136,-0.508890483746,0.00179558874926,-0.221394996146,-0.229887214868,0.0283426292054,0.296483022607,-0.92652381573,-0.188900015614,-0.200782602938,-0.926596136971,-0.255778672701
0.431703118752,0.172002721908,-0.720812907302,-0.514272528513,-0.447633909716,0.59066421573,0.30100935007,-0.600110855008,0.213215137578,-0.655603360944,0.401446037408,-0.602963197281,-0.753522133212,-0.437852807494,-0.478187413978,-0.108747923396
0.236647957141,0.788153456667,-0.488509144397,-0.290121851927,-0.354328398162,0.158498284586,0.531292241401,-0.753032691367,0.888353505096,-0.0323577234384,0.444274618693,-0.111360185446,0.171105758583,-0.593839540837,-0.530761182881,-0.579974125168
0.58721419362,0.645052426184,-0.16248933073,0.461176837758,-0.228206147164,0.66870723126,0.543391797691,-0.4532967543,0.769053667084,-0.320095637076,0.387356802533,-0.395031578231,0.107971766458,0.185139918601,-0.726826856364,-0.652524351313
0.474516925193,0.850523305214,-0.225875283516,-0.0205949335816,-0.0897854233624,0.0435112009034,0.0657441394996,-0.992835868243,0.490251851904,-0.469026988625,-0.725883919704,-0.112957251922,-0.725551781172,0.23394564887,-0.646336289816,0.033067305303
0.411877252814,0.884533328264,-0.209496443223,-0.0637899685042,-0.224241405808,-0.0569012476186,-0.412883699852,-0.880911511071,0.548118295094,-0.124493328891,0.690577694725,-0.455159524994,-0.6925599289,0.44594220508,0.555644435067,-0.112940499328
0.496541581552,0.842621475939,-0.204749422357,-0.0388996159456,-0.287927218486,0.118307349694,-0.0309263857653,-0.949813058726,0.0102721479833,0.230115606991,0.973089743126,-0.00613532540648,-0.818803308262,0.472270289892,-0.101082068295,0.310329391349
0.368220153273,0.568056488975,-0.568698070688,-0.467234682417,-0.522398167361,0.618613136413,0.513346661633,-0.284417206205,0.601825386181,-0.209145682369,0.589100911477,-0.497015496933,0.478873968817,0.500886909728,0.25693934203,0.673627642077
-0.345191951788,-0.612737104907,0.535244425168,0.467877293762,-0.0982881371563,-0.546468689091,-0.818405546762,0.148066792246,-0.847493271326,0.0505464739036,-0.0274382056958,-0.527681110048,0.391071749903,-0.568656544928,0.207299086404,-0.693339533789
0.28360061289,0.631223876766,-0.527498197807,-0.492821226287,-0.313498099206,-0.475586658307,-0.817458986522,0.0854229336241,0.905474585935,-0.34129754037,-0.125844607491,0.218620442612,0.0374887768247,-0.508812083954,0.194086556542,-0.837875446235
-0.342838655023,-0.603822987916,0.578909943542,0.427460797215,0.204637569783,-0.541476611491,-0.722597860858,0.377860921141,-0.70757562166,-0.284978840193,-0.289251812983,-0.578322737717,-0.583028182242,0.510869786849,-0.24299999473,0.583130518973
-0.378059301075,-0.556965842577,0.50723478645,0.538119955482,0.317643006048,0.391283284,0.846806551045,-0.170055806952,0.869408827006,-0.372535446322,-0.0914443163543,0.311421851777,0.0173889937424,-0.630796150193,0.131413368911,-0.764541932316
0.333128852825,0.611978418713,-0.473607610514,-0.538705312494,-0.329130797,0.400947583159,0.7510935334,-0.408377837437,-0.856832871487,-0.0863305489954,-0.453848951174,-0.228922686006,0.215720922077,-0.676217780673,0.0746690355226,-0.700441669244
-0.374974740686,-0.599828031218,0.547139778153,0.447479988351,0.171684099861,0.457374958208,0.832578603857,-0.261047095098,0.892196827965,-0.440561819479,0.0775602112046,0.0622456185129,-0.184128579724,-0.486744043401,0.0378859499058,-0.853077697014
-0.501766944402,-0.492340966802,0.421671603123,0.572733240727,0.469576512493,-0.734383493098,-0.47298236315,0.128321736775,-0.642071807782,-0.328274729954,-0.297496556656,-0.625679865509,0.339811162372,-0.33244091076,0.714126418813,-0.513843237509
-0.616758567202,-0.381922541608,0.547256118255,0.417438358356,0.0189302252076,0.811651911302,0.583811458975,0.00519632795162,-0.692080834267,0.426106323836,-0.570990666805,0.115875700858,-0.37453255559,-0.117429757214,0.183424588931,-0.901271899651
-0.665354883636,-0.326478581232,0.500113158535,0.447885524971,0.0814852633301,0.716079326081,0.682872973585,-0.119478251438,0.741578386206,-0.353244756186,0.35941192613,0.44283485262,-0.0269170539725,0.505826330852,-0.392930525618,0.767476903404
-0.339279098725,-0.705292943715,0.454772157871,0.425010401214,0.117889324866,-0.499139882921,-0.842092023157,0.166860747017,-0.924250983971,0.255941713055,-0.283109315808,-0.0101525095439,-0.12942920412,-0.43349173042,0.062549374604,-0.889618219527
0.453983251067,0.709725845056,-0.406536154977,-0.353435690483,0.137092936565,-0.0253838867557,0.709408573802,-0.690869495964,0.792232711703,-0.0623918551479,0.336609848549,0.505141957057,0.384020917403,-0.701250411454,-0.467077766515,-0.377642894094
0.413641895431,0.647611201899,-0.545681645094,-0.334262854243,-0.445676082353,0.578505208302,0.5748455706,-0.369130225728,0.747091185071,0.155791141526,0.590696417447,0.262033631099,0.268566515321,-0.470808427456,0.151201370975,-0.826649621606
0.424875800511,0.697556143348,-0.460141015532,-0.348089394901,-0.0502826337685,0.604104790056,0.788011588113,0.10754904171,0.752665583603,-0.107353084641,0.0418530341099,0.648242360552,0.500446530751,-0.370065054722,0.406886109816,-0.668617094286
-0.327695740838,-0.710314444918,0.499350357035,0.372448804141,-0.208646208969,-0.488565266096,-0.846972345272,0.0202135249538,0.906755946254,-0.42029492876,0.0183900542023,-0.0284188792426,0.163938753356,0.283036292662,-0.181518244755,0.927397255228
0.391182054254,0.729626747144,-0.411383378118,-0.381294015807,-0.726596484603,-0.0619653596869,-0.669416983212,-0.141770043904,0.562257082589,-0.615605875634,-0.552147453872,-0.00543765990673,0.0538620652291,0.291263643347,-0.278886729655,0.913502359064
0.250875184213,0.676117197939,-0.475491344412,-0.503820561297,-0.137478689003,-0.395309252672,-0.878545365316,0.230191758983,0.863179776457,0.0396004255821,-0.0211261909569,0.502897766812,-0.416031159327,0.620506193117,-0.0402455777184,0.663528772734
0.335015829858,0.726432811591,-0.487498042426,-0.349864863369,-0.220510312759,-0.426710075521,-0.869584180251,0.114529764135,0.90025332149,-0.43470972875,-0.0171640657187,-0.0166374193939,-0.1693621943,-0.31818443303,0.0766446797642,-0.92962395988
-0.325155190816,-0.59957191978,0.514638622906,0.519552406125,0.0360277623249,0.760403070616,0.526470229274,0.378573993068,0.00323243961248,0.0824774244691,-0.657732735297,0.748715349586,0.944968599246,-0.23558046961,0.159260272573,0.161778720346
-0.379186575028,-0.684210621183,0.391884732308,0.484251715292,0.71020638563,0.0628874595276,0.696441501373,0.0813713242509,0.568601651371,-0.638051224741,-0.517880521797,-0.0371828160192,0.16886856779,0.347550899726,-0.305279145853,0.870342703778
-0.383068890186,-0.744795163354,0.356861337362,0.413749170286,0.0136045538642,0.574132728614,0.673815610896,0.464929079067,-0.477815009526,0.268764365728,-0.612380377374,0.569604078105,-0.790421380125,0.208368640379,0.208836734834,-0.536846132269
-0.609207201701,-0.109704154799,0.668285912481,0.412583958722,-0.14009936331,0.984909368913,0.0757691528679,-0.06771070005,0.763148716625,0.0685521074379,0.630552975124,0.123723847511,-0.163837694412,-0.114974527671,0.387370520581,-0.899934524097
-0.53224028048,-0.246470827353,0.640595897935,0.495589861324,0.397009054074,0.691590674672,0.603320242289,-0.00953073630198,-0.657308158093,0.67152830763,-0.33625251517,0.0626894201431,-0.356440850804,-0.100021007909,0.335523213556,-0.86623893414
-0.610984693149,-0.325011533505,0.549325658634,0.468301749508,0.227310144019,0.703167210697,0.673686781223,-0.00566507120362,0.726013689458,-0.331220779794,0.105738243564,0.593309650688,0.218933610673,-0.538717153915,0.482914967069,-0.654709887489
-0.342368627203,-0.630402556063,0.583799118211,0.380203800602,0.152984422369,0.221254622874,-0.272911238022,0.923667480498,-0.10046119697,-0.6603407806,-0.742873889808,-0.044676450415,0.921567706424,-0.342912616627,0.181208249203,-0.0169549478264
-0.390055074266,-0.607431181351,0.59827135306,0.347786985193,0.00478573077912,-0.737104920841,-0.65943092497,-0.14766274969,0.0675058680104,0.134134138503,-0.355980504936,0.922349646705,0.918301199827,-0.264029787112,0.283725436657,0.0806911054983
0.601147663375,0.565854465265,-0.112106943662,-0.553048139081,0.726201463812,-0.541340563884,0.394177756366,0.155581889173,0.276533636502,-0.204566200702,-0.898303167306,0.273373804562,-0.186499513832,-0.587291910011,-0.158452987277,-0.771491279665
0.470751834469,0.585421035184,-0.174528812029,-0.636564698738,-0.401433874341,0.0135524233413,0.770126629466,-0.495552369523,0.426644447012,0.429674281606,0.571326226673,0.554022445642,-0.659710596178,0.687370755205,-0.22367612987,0.205602439443
0.557610776329,0.570311289459,-0.112424142947,-0.592601103037,0.668183605189,0.0409884336514,-0.219255762223,0.709772871273,-0.422119306815,0.820397607583,0.0849061589301,0.376236628284,-0.253803433178,-0.00357027949549,-0.96544221318,-0.059096560149
0.39100645271,0.702676587146,-0.123684582148,-0.581430728424,-0.521985703797,-0.302534050361,0.226154170834,-0.764760331357,0.349811290158,-0.527971885208,-0.733462758605,-0.246799780077,0.672515382908,-0.368733576826,0.628958501725,-0.127160576362
0.493982357051,0.708798124493,-0.0851351295902,-0.49632515486,0.0861152034867,0.529828216637,-0.00777430659655,0.843685837703,-0.797658452794,0.455598443391,0.33991681934,-0.201562910765,-0.335121761957,0.0965263588357,-0.936561864372,-0.0350419879008
0.35595985758,0.766319420698,-0.0360201408267,-0.53361940998,-0.330064153135,0.63285940397,0.181774477439,0.67639091432,0.594002026376,0.0113049688561,-0.661851730976,0.457149949738,0.64149187623,-0.110071422028,0.726369654523,0.220815714506
0.410489787316,0.756918079182,-0.108369841561,-0.496819014689,-0.0212718803702,0.565123704779,0.142399270145,0.812345464236,0.457604032778,-0.180868251065,-0.823567417828,0.282173587059,-0.788444158327,0.273855610607,-0.538251923912,-0.116806592901
0.44976099826,0.798374035617,-0.0504966645942,-0.397195204606,-0.317375421274,-0.266702303753,0.0840092726292,-0.906137497986,0.0297672043243,-0.113666980516,-0.990685501865,-0.0688183658694,0.834327154036,-0.52777703433,0.0945238878323,-0.128120399237
0.460281302116,0.755544037731,-0.0530417755645,-0.463120826585,0.487289044011,0.223591372452,0.0651018040421,0.841616326399,-0.740982003123,0.613470708113,-0.0444780554441,0.269482956641,-0.0404497411279,0.0530452212917,0.995474775039,-0.0676756618102
0.447089296743,0.779957542041,-0.0682097249866,-0.432579272235,-0.195041188466,0.560654215966,0.0331687923905,0.804068166347,-0.838450307143,0.276266084207,0.236691098674,-0.405777595461,-0.243045629445,0.0317825966305,-0.96861994014,-0.041159447543
-0.424272726939,-0.654949736924,0.292657363906,0.552616650699,0.278112480613,0.336459969084,-0.381981648042,0.814578515485,-0.392647812397,-0.267903198848,-0.864967044528,-0.160896188107,0.767120457766,-0.621340009458,-0.142385742937,-0.0720353811135
0.455838631247,0.569897683433,-0.2594402372,-0.63254923603,-0.244161151496,0.146681082801,0.870708395111,-0.40092004531,0.497087334727,0.470799249514,0.353560952512,0.637375008272,-0.696778771216,0.657304615094,-0.222603474507,0.181377176338
-0.399366266939,-0.583748940654,0.217218048935,0.672725856745,0.0102615834556,0.381498666751,0.923491659881,0.0389438223972,-0.805924546403,-0.0912599691816,0.0711391431562,-0.580600091148,-0.436906065696,0.710892087153,-0.308088778858,0.456975748286
0.383915415538,0.616155683316,-0.165188891953,-0.667588014876,0.415251464477,0.113806059106,0.894197297498,0.122578935011,0.806014073421,-0.188201476313,-0.403772927624,0.389729317191,0.174689691766,-0.756293963444,0.100455194197,-0.622424056739
-0.105428748136,-0.279212525004,0.616530290762,0.728570892584,-0.975103146714,0.198200955623,-0.0978671600021,0.0176706947252,-0.195072806846,-0.844661798144,0.146998843223,-0.476323825645,0.00228743627287,-0.411464693294,-0.767270330234,0.491922569263
0.481137837495,0.055908401945,-0.671769071395,-0.560452448152,-0.62310858567,-0.673841808213,-0.35654093661,-0.174789783713,0.580845284846,-0.727347854753,0.36530168073,-0.0117701025524,-0.207028565342,0.117373618341,0.536804952747,-0.809446137526
0.510611765404,0.0411002347176,-0.699190596491,-0.498717260095,-0.360603437787,-0.878717981782,-0.10481197899,-0.294676633296,0.780498967197,-0.434816011431,0.403124961621,0.198107707387,-0.00788339343415,-0.192614940759,-0.581065593679,0.790695967201
0.471325176539,0.0645426268987,-0.707987054115,-0.521958962448,-0.447456413204,-0.819083586405,-0.12423136983,-0.336825479313,0.623463203941,-0.559064657578,-0.0378973941454,0.545256021971,-0.434659601958,0.111279092565,-0.694179145087,0.562852830241
0.482713169009,0.166717113849,-0.667391230087,-0.542016924475,0.582348887954,0.652124653214,0.242732205047,0.420338299472,-0.650363501847,0.675252480971,-0.344018029796,0.0520864433657,-0.0698933804358,0.301617187115,0.614265103853,-0.725823924927
0.545579117374,0.560310446377,-0.547973288703,-0.296851655266,0.063187359439,0.636818211391,0.341036340933,0.688595772142,0.791587317975,-0.286225077182,0.534934462552,-0.0728686763116,-0.267843802082,0.445634350689,0.545219781194,-0.65757517697
0.275824531274,0.821961864684,-0.491752959388,-0.080489427173,-0.0632320350896,0.509123753197,0.74604697357,0.424509866665,-0.144807147265,0.183885588967,0.373089615373,-0.897786789373,0.948131545613,-0.177081300838,0.249794073311,-0.0853914869601
0.427254428587,0.751490982905,-0.502671496722,-0.00602679413285,-0.0644375513445,0.454413067928,0.616909480654,0.63935847406,0.0482184780014,0.334445055028,0.550133471103,-0.763658724509,-0.900542299733,0.341930653022,-0.253174293786,-0.0894973289044
0.500349041074,0.63083563841,-0.570751958277,-0.161057246133,-0.0974553289579,-0.62278906423,-0.657181226332,-0.413217952284,-0.137688017241,0.21916755758,0.372965443334,-0.891013114208,0.849232186073,-0.407609814029,0.321328205978,-0.0969902968736
0.464239749675,0.676558979356,-0.287046154682,-0.494321663856,-0.231672233899,-0.131478052517,0.606084774387,-0.749468307537,0.0516256917668,-0.625355851321,-0.648611350837,-0.430776232786,0.85331366965,-0.365939241375,0.359957034803,0.0915160417973
-0.16846485063,-0.221251727907,0.831118433629,0.481569741868,-0.369240704566,0.911834742302,0.0728396999095,0.164052073865,0.0548442711883,0.130265258206,0.530198578636,-0.836009889675,0.912289976988,0.320368597296,0.151082740947,0.205584447716
-0.558317539144,-0.121307461682,0.659552382452,0.488422644875,0.401621584961,0.782346905276,0.47593989088,0.0107071269879,-0.725650771292,0.534610880338,-0.25863311403,-0.347463778074,0.0203122155442,0.295650175325,-0.521134135706,0.800373413059
0.386937538431,0.165123280357,-0.706315305322,-0.569326209746,0.900602821462,0.143314579381,0.312961130671,0.265388055496,0.194037518412,-0.964590220721,-0.168054423116,0.0606041121511,0.0392853760969,-0.147515896469,0.612316691776,-0.775734483239
0.447223345158,0.0787126719092,-0.704189509539,-0.545813823095,0.797240625455,-0.474666426293,0.219613479454,0.301445000815,0.395359774516,0.875961761791,0.207553196797,0.182491947969,-0.0899406102102,0.0344541856677,-0.642501925909,0.760207123703
0.488686506503,0.129390850463,-0.697837420931,-0.507411509652,0.287814589263,0.909567744521,0.250451462605,0.164691667103,0.820250120354,-0.391674825548,0.27222995381,0.315707813239,-0.0744177440476,0.0503523284029,-0.613341545207,0.784690251831
0.487651814812,0.123582010555,-0.674578010976,-0.540247814698,0.735284125842,0.474830929839,0.35899371306,0.324062272313,-0.441207411331,0.833544535611,0.0900679419167,-0.320042642752,-0.16397860221,0.253902701619,-0.638714166846,0.707593562151
0.390317513686,0.159356985319,-0.642954291763,-0.639427375425,0.691060683807,0.471659492258,-0.00820906857928,0.547635888024,-0.59734606424,0.73770380786,-0.293200358826,0.114036489726,-0.115173995946,-0.455999743927,-0.70751391469,0.527468714443
-0.372715014864,-0.0960333949408,0.7202464124,0.577153541248,0.172990362467,0.966957742923,0.0845596966831,0.167082960207,-0.776995763083,0.148788144951,-0.566702280624,0.230191653214,0.4769019148,-0.183391380329,-0.391079644391,0.765499103216
0.257968243946,0.15410050747,-0.730806331615,-0.612884593039,-0.373198822079,-0.856945667058,-0.0145637494068,-0.355182572928,0.669863919513,-0.488779517388,-0.274775343343,0.486698493328,-0.587756202561,0.0546968069415,-0.624666721993,0.51121658042
0.484577609667,0.414951553546,-0.671057394325,-0.377732341667,-0.41145058029,-0.629770992956,-0.385965952727,-0.53397303279,0.688667223132,-0.656232747459,-0.0766286825855,0.298704003909,-0.348755524648,0.0237125663696,-0.628363192639,0.69495826951
0.267321631749,0.561523841651,-0.682188300247,-0.384511694833,-0.0626217759141,-0.787978220296,-0.42398136872,-0.442050490893,0.745250780814,-0.0697182380582,0.48782653244,-0.449183609703,-0.607633879961,0.242735796451,0.341883307918,-0.674519239764
0.378589128741,0.641063477367,-0.649773124212,-0.15330615329,-0.153449777885,-0.509242642254,-0.418069962122,-0.736439137844,-0.795363419632,0.529050584669,0.122110413398,-0.269428202889,-0.447795118304,-0.223192804896,-0.62297788144,0.601301141777
0.521690110901,0.0200774647204,-0.690334052334,-0.500874455114,-0.366106903186,-0.897025163838,-0.177488386293,-0.172654173456,0.184006036815,-0.14318137213,-0.479096092638,0.846231532803,0.748296025676,-0.417662358284,0.512253553368,0.0566348787598
0.507988085637,0.609508681395,-0.571989370461,-0.208027479517,-0.121490996605,-0.574409315599,-0.483992562452,-0.648879862061,0.572356555239,-0.0635105091767,0.630092018034,-0.52092075953,-0.632136074172,0.542696527243,0.203871058221,-0.514121634118
0.590680212391,0.626002547136,-0.498028624818,-0.105760042222,0.138951657553,-0.471749372599,-0.251123092065,-0.833715874233,-0.785331756274,0.453601168418,-0.298037194035,-0.297781536649,-0.122651360129,-0.424051082348,-0.774647347162,0.452834198082
0.484211091958,0.0945812055952,-0.666167215997,-0.559298895318,0.538209844251,0.654017024316,0.528903618595,-0.0534121493068,-0.657774124317,0.405106250991,0.105172215452,-0.626227540023,-0.207853273622,0.631826758583,-0.515190263557,0.540528404544
0.398420730067,0.0647399989652,-0.690139072194,-0.600647746535,-0.186284745837,-0.965999822788,-0.177740991697,-0.0234622188207,0.859977103201,-0.248436078892,0.444566325801,0.0328584637249,0.258840293021,0.0305383302023,-0.542657334665,0.798493663238
0.165671095597,-0.319205551227,0.826582127114,0.432923655261,-0.557737307081,0.737302387568,0.379874879402,0.0317704513097,-0.804826908215,-0.589161887644,-0.0328158490373,-0.0637576506207,-0.117199966668,0.0859143497934,-0.413980897127,0.898611545178
-0.397189328463,-0.0983525608326,0.698672207776,0.586876952362,-0.516216180525,-0.0713176410261,0.350260219707,-0.77830098775,0.658002701725,0.405082470677,0.601489799624,-0.202856248169,-0.377880850059,0.906172588311,-0.165483973606,0.093125495069
-0.0874688204562,-0.0329326932054,0.7097935089,0.698181794299,0.112588518618,-0.974305446529,-0.151817995719,0.122490891564,-0.82884350111,0.0161782174759,-0.440413526087,0.344663084745,0.54100968715,0.222221960801,-0.52837524255,0.615423042799
0.129704150298,0.0913508784548,-0.782742450403,-0.601785764818,0.567663116414,-0.774671577372,-0.167528189309,0.222658571052,-0.753595174524,-0.360940793307,-0.42993891942,0.342006699101,-0.305007758251,-0.511136682253,0.417613562629,-0.686519097891
-0.19386376134,-0.036480097667,0.819845373051,0.537531030547,0.405985827047,0.636522333977,-0.268058737223,0.59846415096,-0.32041250306,-0.556757828467,-0.487993763801,0.590947235221,0.833623523036,-0.532474639081,0.133641925221,0.0606829168671
-0.21507841707,-0.0133355606079,0.752621255203,0.622193445441,0.555443939352,-0.194291840575,-0.417250152773,0.692556871986,-0.151087783382,0.930145649493,-0.228691505238,0.244339411216,0.788920646492,0.311290723019,0.455152448812,-0.271179917475
0.0474381189281,-0.0436982911529,-0.743257454389,-0.665889210543,-0.791838185135,-0.0626016827195,-0.43070572098,0.428445912336,0.233050632647,-0.948189709011,-0.100565518625,0.191076567931,-0.562520502788,-0.308395467536,0.501943736761,-0.580099478255
-0.0903080404536,0.069559297625,0.806097574157,0.580700148857,-0.806159551147,-0.380938647496,0.225419765335,-0.392655643453,0.382968189709,0.241314212829,0.535630923739,-0.71288311096,-0.44191243657,0.88983970559,-0.11176825967,-0.0201631567576
-0.410287156235,-0.188616509501,0.734580373758,0.506438482208,-0.870904638693,0.333909568912,-0.188949754019,-0.307127824445,-0.250445824097,-0.911887912,-0.312818675402,-0.0887795103677,0.102305664182,-0.146248583179,0.57169409763,-0.800818807053
-0.352854450824,-0.146671304499,0.762009004783,0.522803540156,0.898566903664,0.148139581464,0.194624965963,0.364353271795,-0.0923573760769,0.881324799709,0.341657037287,-0.313060986668,-0.244011006429,0.424038665993,-0.514522951991,0.704213014903
-0.471095652238,-0.137652998094,0.74637969651,0.449486248061,-0.562833693516,-0.701594776365,-0.28525950733,-0.331074035072,0.636410196933,-0.695396463085,0.0779934620498,0.324534805908,-0.237211258429,0.0723890946306,-0.596205821838,0.763563524443
-0.425088189152,-0.102524080133,0.64228689857,0.629488986688,0.865829619176,-0.0955654532091,0.0834378404484,0.483988059244,-0.166765906157,-0.852474753669,-0.44987915017,0.207568487838,0.204519521179,-0.503629676948,0.614910088508,-0.571326961559
-0.322273411599,-0.352119284829,0.77512992504,0.413914794053,-0.938616932501,0.149430685072,-0.191613984513,-0.244852619589,0.0767072265688,0.837769035618,0.509293644359,-0.181325751529,0.096198251493,-0.38964794696,0.321057104053,-0.857812747502
0.283762976541,0.357178903609,-0.77035082545,-0.445490078104,-0.885429905788,-0.164319835565,-0.171249933598,-0.399607724925,0.255955523249,-0.91838928547,-0.295084595173,-0.0630315170694,0.264535867511,-0.0445347368989,0.538663297119,-0.798673452887
-0.332633340617,-0.279429387022,0.748575644172,0.500907958941,0.00600198731774,-0.254965165613,0.472137894982,-0.843826136473,-0.865866989379,-0.275728376246,-0.392391602491,-0.142397505351,0.373621992877,-0.883677455028,-0.250497791145,0.12950528385
-0.322105668586,-0.209818984286,0.7379863546,0.554617050335,0.0811382846083,0.919238464251,0.372011300706,-0.100124006911,-0.534222441837,-0.159468988638,0.302492574299,-0.773093957288,0.777348634574,-0.292482959056,0.47484942357,-0.29103409409
-0.0732632053235,-0.29103831356,0.772059290214,0.560226432061,-0.96014540899,-0.0296751768564,0.0887983700097,-0.263353425945,0.193401929696,0.521578214522,0.618047041,-0.555490517324,0.188013270623,-0.801481284906,0.118562882001,-0.55517709159
-0.358814657423,-0.309320131056,0.725948597882,0.498569685576,-0.221155224015,0.943084853509,0.16511788231,0.18551930065,-0.894291092903,-0.0965490087938,-0.226565954328,-0.373616913957,0.150285893097,0.0747683389282,0.628014798006,-0.759882398346
-0.160144074772,-0.324894691348,0.73609482732,0.571805666325,-0.69822240642,-0.339617765791,0.169662702749,-0.60692652902,0.338271678411,0.480700888238,0.654818964512,-0.47509057173,-0.610255371196,0.740290394872,-0.0243124701199,0.281011417887
-0.155471188355,-0.360118804306,0.669670066817,0.630622833384,-0.789221529287,-0.422429497166,0.0092672836732,-0.445642025719,0.36965691036,-0.00685384496281,0.679197578322,-0.634032682938,0.465093384089,-0.831757651914,-0.300244514794,-0.0414799215814
-0.251340768225,-0.353450300141,0.751001347857,0.497893240641,0.812254474058,0.288388922922,0.491114753201,-0.126019037047,-0.506216077343,0.766889624026,0.332380500826,-0.212482446971,0.14427671552,0.451425540955,-0.290390215704,0.831307844878
-0.324334249632,-0.361780340072,0.723721741885,0.490050120269,0.0198236494242,-0.923387646306,-0.265379662154,-0.276651247037,-0.824668516745,0.127631131828,0.06475752805,-0.547209826518,-0.462964528801,-0.0134363080593,-0.633724654561,0.619577576175
-0.156345444595,-0.441643524496,0.736272063808,0.488273025346,0.778394076293,-0.516442397654,-0.286050982682,0.213459005909,0.546255021637,0.706367587111,0.38511309144,0.233105534075,-0.266953582636,0.198199593981,-0.477248562244,0.813441156753
-0.304988135959,-0.348331954523,0.73477690386,0.49573177015,0.210727395158,-0.799619111129,-0.484344207937,0.285681518978,-0.395597393927,0.409831439117,-0.438798151029,0.694979910561,0.840285013416,0.267043663261,0.181575803578,0.435475608611
0.610951944858,0.687435898752,-0.392524387968,0.00970623670611,0.447061940781,0.0779464471872,0.823955837036,-0.339347537328,-0.65270916698,0.703988662177,0.212481022827,-0.182270463337,-0.029053149913,-0.160487382695,-0.349103420784,-0.922781943946
-0.520764621164,-0.749048859026,0.403997206203,0.0672032254905,0.0633064112579,-0.0144939818858,-0.110247740975,0.991780045369,-0.824660360698,0.323698700832,-0.463811023576,0.00581162475183,0.211498929384,-0.577870991106,-0.780711872203,-0.108730368844
0.565714420155,0.717832542213,-0.384039484699,-0.131138515933,-0.773526082977,0.303020472339,-0.553749684866,-0.0565444852212,-0.269187254669,0.506529965582,0.697123614157,-0.430097991713,-0.0957225976834,0.369218673215,0.244731745566,0.891415239019
0.599297715491,0.711662712426,-0.35223327036,-0.101538934413,0.465406285548,-0.252360583442,0.483023476331,-0.697423434228,-0.647132907393,0.522741377307,0.111809236324,-0.543561539564,-0.0738798873088,-0.395716782711,-0.793800188484,-0.455885129056
0.413919452048,0.798623189692,-0.436398792363,-0.0206828945449,-0.374344227183,-0.208141839139,-0.759193919294,0.490069349461,0.0673476746489,0.235793317292,0.454810181151,0.856162076573,-0.827043757917,0.513107676035,0.16226024175,-0.162452298323
-0.63034619061,-0.672633356502,0.384223242011,-0.0509955684619,0.681028047045,-0.24770369052,0.688222726031,0.0345421512851,-0.33100514349,0.66816583787,0.584121325522,-0.320612359645,-0.17117264415,0.199403266088,0.193711787829,0.945205801201
0.58975684511,0.700448975017,-0.398837126306,0.0498702689352,0.627302322802,-0.192341775503,0.639824763948,0.400150857356,-0.491172736029,0.457541826603,0.167537927493,0.72203591541,-0.132015161382,0.512865822319,0.635204109693,-0.56218892242
0.474182125314,0.815319215245,-0.328811332372,-0.0478434633823,-0.294900510467,-0.0678218551307,-0.473053974712,-0.827438107596,0.435789246548,-0.00163002064413,0.705698302951,-0.558636716335,-0.705884362734,0.575023578866,0.412423265498,-0.0313400745397
0.431894569216,0.744174948478,-0.500129088788,0.097681224847,-0.579322047352,0.0220507653933,-0.57936923654,-0.572914493575,0.642886735116,-0.232787270151,0.066870281345,-0.726660235695,0.254066314857,-0.625721580784,-0.640101982321,0.366322621776
0.285022085508,0.752141172506,-0.591120175945,-0.0601914029119,-0.121477986509,-0.0798272778296,-0.0595839529569,-0.987583139314,0.918169579154,-0.386059878157,-0.0404318065074,-0.0792947880767,0.246921310305,0.528080517358,0.803362906266,-0.121527258429
-0.529359668988,-0.714173800548,0.446909401098,-0.100030548686,0.0449057161968,0.208832289909,0.171650621734,-0.96172169332,-0.540625025726,-0.0831771783068,-0.815558139323,-0.18886783726,0.652293184895,-0.662892460593,-0.325073795703,-0.171505725781
-0.572884704329,-0.706374342849,0.408927988652,0.0749420002968,0.192998047309,0.220804859286,0.758455997284,-0.582015006709,-0.744244094254,0.656562575599,0.0735133507216,0.0980923022304,0.283999291283,0.145623096396,0.502113719736,0.803753773739
-0.644455325072,-0.664316231832,0.377257975572,0.0322133198956,0.128172164103,0.299773712783,0.691810856717,0.644286703263,-0.159888965396,0.417484588326,0.5239267572,-0.725012338064,-0.736671398305,0.542702758201,-0.323380443883,0.2412758912
-0.48095579929,-0.610732178985,0.481115780547,0.405234907665,0.125051969611,0.603846692205,0.774969426078,0.138396408385,-0.575776029411,0.495678085892,-0.386671667663,0.522752542365,0.649249942612,-0.129145704659,-0.135775608194,0.737130167071
-0.522731211739,-0.596448661005,0.451593244127,0.408735387406,0.0602699918008,0.65525307019,0.7111493636,0.247542975552,0.846932578803,-0.430299778038,0.270131185411,0.156768780859,0.0763204777584,0.17243697345,-0.466218046817,0.864338711203
0.593937483103,0.607433244383,-0.416800822622,-0.323326760484,-0.445752480856,-0.28417910835,-0.543609176624,-0.651947868529,0.622919179154,-0.624320092495,0.274855807704,-0.382949609375,0.245997333763,-0.400613916512,-0.674700246275,0.569010878064
0.473554566444,0.666808399139,-0.435574748739,-0.376014986002,-0.435459729404,-0.352058499209,-0.785856454932,-0.262410497969,0.630926126847,-0.638995049193,0.0810706278787,-0.432487112946,0.433650918515,-0.152008878293,-0.431429975545,0.776342938393
-0.478369596195,-0.673317997088,0.49830986666,0.263614644931,-0.646612058273,-0.155927950158,-0.587828629484,-0.460474562614,0.574933535269,-0.657047750843,-0.0815720888837,-0.480713716728,0.150022683472,-0.301027577256,-0.632052824899,0.698129514283
0.547519489263,0.597051503482,-0.515872990088,-0.278616168168,-0.0473656286969,-0.428499570533,-0.0599571733923,-0.900305366323,0.422989040638,0.25175165547,0.847521395085,-0.198516650034,-0.720457616793,0.629713207906,0.109488265713,-0.269099271394
-0.357469579237,-0.615547803204,0.595097610167,0.373061973759,0.213993753561,0.65632502991,0.704690445622,0.163876491297,0.907062421357,-0.407770507789,0.0932812720636,0.047535050454,0.0604974141514,0.155117923087,-0.374925078522,0.911981183092
-0.458852292935,-0.460352811123,0.586174086502,0.483662902106,0.074073674733,-0.869056854981,-0.425568586275,-0.241132021719,-0.755579770009,0.103572947119,0.0232352812147,-0.646399240009,0.461591675762,-0.148620714327,0.689022089919,-0.538603349176
-0.57088283985,-0.368673951506,0.55339471917,0.481587567781,0.117273464145,-0.896716986737,-0.422216095576,-0.0622828141735,-0.808312401202,0.150257655858,-0.504832451639,-0.263054927136,0.083491196153,0.193392864487,-0.510521350389,0.833664423451
-0.536087024237,-0.150646014684,0.638596137633,0.531141651261,0.0277184810391,0.978268143798,0.190983374173,0.075818701051,0.843413438092,-0.126155158878,0.382730268705,0.355325470169,0.0222746649677,-0.0661973789446,0.639717019631,-0.76543052011
-0.568639566192,-0.277412314228,0.59945409017,0.49025120648,0.446288069311,0.679524715037,0.513952110546,0.273726777846,0.676464946006,-0.6790831853,0.27874208674,0.0595319523318,-0.140965172216,0.0116015951928,0.546635958316,-0.825338325953
-0.482729111942,-0.58999737671,0.572036148725,0.302738079056,0.620897283717,0.229676426094,0.749164726485,0.0220797409613,-0.588046644952,0.764913780842,0.250511166565,0.0797007318956,-0.188839378619,-0.118569568818,0.220841600631,-0.94947876957
0.506996407267,0.545828807181,-0.528262157866,-0.407387590432,-0.394519911604,-0.518535484791,-0.711511817488,-0.263108198154,0.173080108943,-0.33362134935,0.44728270364,-0.811589954454,-0.746560083487,0.567352323978,0.120947133766,-0.325777797057
-0.498970650049,-0.631728213431,0.495142480801,0.32677466005,0.03921373417,0.60014241976,0.7988737045,0.00960017271768,0.346830315102,0.114495288489,-0.11414005554,0.923889392277,0.793220843125,-0.477115677036,0.321880064134,-0.198883254879
0.446721603647,0.608981853401,-0.499133459718,-0.424790184036,-0.0126686596768,-0.722466158842,-0.598747386788,-0.345519494681,0.0811966526212,0.062622247837,-0.554030766036,0.826157048002,-0.890890799986,0.321344372336,-0.292262324786,-0.13279348771
0.481405185803,0.663557690069,-0.386291268363,-0.422752049101,0.339327734261,0.416533352005,0.775506714291,0.33158104819,0.666007721207,-0.609893855561,0.198918526634,-0.380650259428,0.457754793679,-0.119250339902,-0.458039094224,0.75262214521
0.566278003271,0.582889206673,-0.493341134135,-0.310135327116,-0.163778753288,-0.501184416346,-0.843670702234,0.101046756386,0.332837645727,-0.561611333984,0.180912809005,-0.735583011403,-0.736019595235,0.306018076422,-0.110021939178,-0.593736696889
0.494801063088,0.618852635697,-0.518442748615,-0.321574936315,-0.340581653723,0.594190452587,0.620829444057,-0.381461196708,0.406587138534,0.361946898075,0.346135244521,0.764115000673,0.688377036146,-0.364627980713,0.475371760101,-0.408907301825
0.41535345363,0.687948023226,-0.510850437438,-0.305353658022,-0.134841232355,-0.590047062882,-0.575500401831,-0.549965083559,0.524235666278,-0.331680394498,-0.417360562716,0.6640596681,0.731078871817,-0.261839830488,0.48336454023,-0.404131547396
-0.375460950823,-0.711961357868,0.471506392803,0.360307952805,-0.0486215363185,-0.617898087355,-0.698703984078,-0.357282300826,0.901792034054,-0.292758254318,0.0345483184285,0.31602238139,0.208413406311,-0.160017446156,0.53693656783,-0.801659148967
-0.363005280283,-0.679373242874,0.489648956508,0.408562189567,-0.130571902311,-0.6263989907,-0.698442299094,-0.320552082528,0.812524766638,-0.379415793464,0.32582510819,-0.299474803854,0.437014471631,-0.0460429906346,-0.407750233721,0.800398739067
-0.471164642696,-0.569542857133,0.533872321104,0.410615584362,0.322946007041,0.597854905613,0.614364618918,0.401038032351,0.812082454249,-0.562952670553,0.147963935026,-0.0413890341719,0.119297290455,-0.035703451384,-0.561821264916,0.817832676247
-0.609405161577,-0.505091829743,0.446191429821,0.417637163726,0.657002415521,0.0801389484073,0.665980300755,0.344086927904,0.417641367724,-0.859271743329,-0.193195906701,-0.223390019285,-0.150162788364,0.0105860092455,0.565737384831,-0.810728243497
-0.57027320399,-0.322380308695,0.546427397451,0.521801215686,-0.219542747831,-0.754816708375,-0.614956417478,-0.0623002667423,0.755518058429,-0.529605843312,0.368972814751,0.112112336932,0.23618195967,0.214103535827,-0.4325560841,0.843370020798
-0.603602889065,-0.341335826547,0.541632913752,0.475170698348,-0.66183082815,-0.26365695761,-0.626721100569,-0.315730305351,0.437287812824,-0.893332441836,-0.099872823576,0.0276031923717,-0.0801428473354,-0.126222068522,0.551252998135,-0.820832044627
-0.554324681909,-0.556683038729,0.530041027685,0.319193750548,0.122380524916,0.676205928886,0.672077092891,0.275827718101,-0.591748645992,0.283983722088,0.127223018225,-0.743640430039,0.572346655545,-0.390131749182,0.501181797172,-0.518684229903
0.535422773236,0.595967354933,-0.47939538095,-0.358225396194,0.023625009873,0.675969813782,0.703352181425,0.218637550865,-0.728414555074,0.430535377923,-0.468366376728,0.254331400862,-0.426821448343,0.0502693849876,0.236872781802,-0.871313792734
0.494188869549,0.553451204598,-0.290539254313,0.604198698316,-0.0735061085332,-0.599879288435,0.281892661892,0.745169925914,0.634837112717,-0.572523553951,-0.469598253093,-0.220626610316,0.589369199687,0.0778034935388,0.784602414963,-0.176038669865
0.408465757462,0.548844862996,-0.315167360519,-0.657719222927,0.618904583694,0.251094662259,0.697481187772,0.25967013608,-0.343777552857,-0.192518543227,0.625180541061,-0.673723159572,-0.576133522211,0.773729537669,0.152770477012,0.214648429942
0.452021150143,0.6549504541,-0.232388298322,-0.559206993252,-0.283948252992,-0.134081356934,-0.949385067301,0.00797328858073,0.153323208046,-0.691228743443,0.045846841197,-0.70469346901,0.831590201554,-0.27434452179,-0.206304968289,0.436613192771
0.514008008309,0.641552165031,-0.299704313314,-0.484132121965,0.507454773628,-0.640099671188,-0.574979727072,0.0464798571788,-0.605427129136,-0.198035204718,-0.368592505256,-0.677037380111,-0.334280438287,0.373450516375,-0.666119511129,0.552336941812
0.508388873702,0.676015407356,-0.188906936244,-0.498856784611,-0.68068110641,0.0480854916022,0.198257394352,-0.703601465645,0.0970118544804,-0.54042582097,-0.761135945887,-0.345254549569,-0.518461844847,0.498629006922,-0.587945785683,0.369981326544
0.603642375917,0.663125722751,-0.212599137397,-0.388177491106,-0.27731331733,-0.33310976978,-0.240774924674,-0.868425380189,0.275896371503,-0.129932176973,0.907205072193,-0.289789196774,0.694690145476,-0.657586333868,-0.271676276871,0.105725190352
0.561269437543,0.688852390482,-0.256573824296,-0.380301032464,-0.266223626187,-0.301338490521,-0.0352991904765,-0.914917516579,0.142568629844,-0.386093754498,-0.903370094781,0.120533274979,-0.770568481787,0.534424092829,-0.341827897768,0.0613904893843
0.50866221471,0.705604878741,-0.220454108121,-0.441343961822,-0.41101509944,-0.302612316221,-0.315013256519,-0.800161872574,0.239472834424,-0.249074914514,-0.8826444611,0.318674134221,-0.717622533741,0.590346701632,-0.270380083806,0.251800081852
0.69022279135,0.659082999593,-0.145777945541,-0.260673912278,0.3983955823,-0.0438012248114,0.0527390459092,0.914648022873,-0.531222319086,0.542667358337,-0.581957947996,0.290929429011,0.2875348779,-0.518847945499,-0.79830591279,-0.104058507811
0.364435343426,0.554034596076,-0.504138422178,-0.553242259862,-0.368465928164,-0.547508105204,-0.742555879038,-0.114361274146,0.0654781936745,0.375592993344,-0.435053452937,0.815702766081,0.852720555867,-0.502205579855,-0.071997992179,0.124392517007
0.394716361183,0.588372158662,-0.363477739575,-0.604897619403,-0.66370880681,-0.302962826593,-0.561540872926,-0.390353677452,0.143058438672,0.149748724079,-0.714461581173,0.66832196716,0.619050803329,-0.734579504377,-0.205183892875,-0.187266186887
0.430316058036,0.580548577789,-0.367933348809,-0.585163643657,0.243700575602,0.258760903582,0.923426926097,-0.144691175916,-0.781246211325,0.0242648371518,0.10298451568,-0.615190835838,-0.380910064108,0.77163291874,-0.0360825792192,0.508122238497
0.4405421034,0.558703633872,-0.365283069623,-0.600284252398,-0.402853559021,-0.473386732009,-0.725844266975,-0.294557485122,0.27617600226,0.196546142073,-0.581569293644,0.739509017188,-0.753232023278,0.652016000948,-0.0386721584288,0.0775958618648
